,Algorithm,Dataset,alpha,Coverage,Length
0,cox_ph_alg_1,rr_nl_nph,0.6,0.5964,8.737916544789915
1,cox_ph_alg_1,rr_nl_nph,0.6,0.6196,9.943516544789912
2,cox_ph_alg_1,rr_nl_nph,0.6,0.5977000000000001,9.467366544789915
3,cox_ph_alg_1,rr_nl_nph,0.6,0.6259,9.364316544789913
4,cox_ph_alg_1,rr_nl_nph,0.6,0.5759,8.806456544789915
5,cox_ph_alg_1,rr_nl_nph,0.6,0.6197,8.850436544789915
6,cox_ph_alg_1,rr_nl_nph,0.6,0.5972000000000001,10.121196544789916
7,cox_ph_alg_1,rr_nl_nph,0.6,0.5478000000000001,9.893546544789915
8,cox_ph_alg_1,rr_nl_nph,0.6,0.6276999999999999,10.260506544789914
9,cox_ph_alg_1,rr_nl_nph,0.6,0.5688,9.948226544789915
10,cox_ph_alg_2,rr_nl_nph,0.6,0.6612,9.740777833089547
11,cox_ph_alg_2,rr_nl_nph,0.6,0.6955000000000001,11.486914149253296
12,cox_ph_alg_2,rr_nl_nph,0.6,0.6412,10.111019711966122
13,cox_ph_alg_2,rr_nl_nph,0.6,0.6979000000000002,10.656650376555444
14,cox_ph_alg_2,rr_nl_nph,0.6,0.6679,10.331573163229319
15,cox_ph_alg_2,rr_nl_nph,0.6,0.7102,10.42815847793971
16,cox_ph_alg_2,rr_nl_nph,0.6,0.6685000000000001,11.178896016584304
17,cox_ph_alg_2,rr_nl_nph,0.6,0.5617,10.065282165530846
18,cox_ph_alg_2,rr_nl_nph,0.6,0.6975999999999998,11.3110006609155
19,cox_ph_alg_2,rr_nl_nph,0.6,0.6286999999999999,10.796632353514122
20,cox_cc_alg_1,rr_nl_nph,0.6,0.6424,11.323396544789917
21,cox_cc_alg_1,rr_nl_nph,0.6,0.6121,9.910186544789914
22,cox_cc_alg_1,rr_nl_nph,0.6,0.5982999999999999,9.437806544789915
23,cox_cc_alg_1,rr_nl_nph,0.6,0.6283,9.413206544789915
24,cox_cc_alg_1,rr_nl_nph,0.6,0.5772999999999999,8.824326544789912
25,cox_cc_alg_1,rr_nl_nph,0.6,0.6162000000000001,8.816636544789914
26,cox_cc_alg_1,rr_nl_nph,0.6,0.5965,10.146006544789914
27,cox_cc_alg_1,rr_nl_nph,0.6,0.5498999999999999,10.017316544789916
28,cox_cc_alg_1,rr_nl_nph,0.6,0.6241999999999999,10.178236544789913
29,cox_cc_alg_1,rr_nl_nph,0.6,0.5739,10.138986544789914
30,cox_cc_alg_2,rr_nl_nph,0.6,0.6479,11.391718079618947
31,cox_cc_alg_2,rr_nl_nph,0.6,0.6969,11.396002375903159
32,cox_cc_alg_2,rr_nl_nph,0.6,0.6393,10.061191103294577
33,cox_cc_alg_2,rr_nl_nph,0.6,0.6992999999999999,10.96957607821527
34,cox_cc_alg_2,rr_nl_nph,0.6,0.6544999999999999,10.024639112488174
35,cox_cc_alg_2,rr_nl_nph,0.6,0.7121999999999999,10.504526869522012
36,cox_cc_alg_2,rr_nl_nph,0.6,0.6708000000000002,11.346313764821682
37,cox_cc_alg_2,rr_nl_nph,0.6,0.5701999999999999,10.1976046954861
38,cox_cc_alg_2,rr_nl_nph,0.6,0.7066999999999999,11.37182625472456
39,cox_cc_alg_2,rr_nl_nph,0.6,0.6255000000000001,10.752885815394013
40,cox_ph_alg_1,metabric,0.6,0.8262499999999999,251.7069270833333
41,cox_ph_alg_1,metabric,0.6,0.7742708333333334,241.47153669230147
42,cox_ph_alg_1,metabric,0.6,0.7518750000000001,236.29445249938968
43,cox_ph_alg_1,metabric,0.6,0.9109375000000001,253.76979712041216
44,cox_ph_alg_1,metabric,0.6,0.7440625000000001,234.68623431523642
45,cox_ph_alg_1,metabric,0.6,0.8195833333333334,253.7070729166666
46,cox_ph_alg_1,metabric,0.6,0.8286458333333334,258.1077456207275
47,cox_ph_alg_1,metabric,0.6,0.7616666666666667,222.81442708333327
48,cox_ph_alg_1,metabric,0.6,0.8054166666666666,240.13667189280193
49,cox_ph_alg_1,metabric,0.6,0.8125,248.04122435506187
50,cox_ph_alg_2,metabric,0.6,0.8635416666666668,
51,cox_ph_alg_2,metabric,0.6,0.8367708333333334,
52,cox_ph_alg_2,metabric,0.6,0.8410416666666666,
53,cox_ph_alg_2,metabric,0.6,0.914375,
54,cox_ph_alg_2,metabric,0.6,0.8490624999999999,
55,cox_ph_alg_2,metabric,0.6,0.9187500000000001,
56,cox_ph_alg_2,metabric,0.6,0.8896875,
57,cox_ph_alg_2,metabric,0.6,0.8450000000000001,
58,cox_ph_alg_2,metabric,0.6,0.866875,
59,cox_ph_alg_2,metabric,0.6,0.8291666666666667,
60,cox_cc_alg_1,metabric,0.6,0.8107291666666668,245.73628124999996
61,cox_cc_alg_1,metabric,0.6,0.813125,247.33914056777954
62,cox_cc_alg_1,metabric,0.6,0.7538541666666667,236.15398357772827
63,cox_cc_alg_1,metabric,0.6,0.9072916666666666,253.6261304575602
64,cox_cc_alg_1,metabric,0.6,0.7851041666666667,243.191088528951
65,cox_cc_alg_1,metabric,0.6,0.8567708333333334,262.62094791666664
66,cox_cc_alg_1,metabric,0.6,0.8307291666666666,258.0223810361226
67,cox_cc_alg_1,metabric,0.6,0.7619791666666668,221.40973958333333
68,cox_cc_alg_1,metabric,0.6,0.7807291666666667,233.63448441441855
69,cox_cc_alg_1,metabric,0.6,0.8197916666666667,249.74073485310873
70,cox_cc_alg_2,metabric,0.6,0.83625,265.6607762212058
71,cox_cc_alg_2,metabric,0.6,0.8729166666666667,265.3581898281971
72,cox_cc_alg_2,metabric,0.6,0.8558333333333333,269.39148076459765
73,cox_cc_alg_2,metabric,0.6,0.9175,263.9991306233605
74,cox_cc_alg_2,metabric,0.6,0.87875,270.5758980696996
75,cox_cc_alg_2,metabric,0.6,0.9395833333333333,295.36692611193655
76,cox_cc_alg_2,metabric,0.6,0.8835416666666666,279.45023176223043
77,cox_cc_alg_2,metabric,0.6,0.8391666666666667,256.79962250147264
78,cox_cc_alg_2,metabric,0.6,0.8638541666666666,270.6922693490386
79,cox_cc_alg_2,metabric,0.6,0.8414583333333333,260.7171759107908
80,cox_ph_alg_1,support,0.6,0.9078,1755.9512299999997
81,cox_ph_alg_1,support,0.6,0.9369999999999998,1763.6029000000003
82,cox_ph_alg_1,support,0.6,0.8595999999999999,1597.6322400000001
83,cox_ph_alg_1,support,0.6,0.9102000000000001,1737.7332800000001
84,cox_ph_alg_1,support,0.6,0.9115000000000001,1723.87009
85,cox_ph_alg_1,support,0.6,0.8584,1561.50406
86,cox_ph_alg_1,support,0.6,0.8532,1624.2795299999998
87,cox_ph_alg_1,support,0.6,0.8944,1684.5582000000002
88,cox_ph_alg_1,support,0.6,0.9014,1707.7982600000003
89,cox_ph_alg_1,support,0.6,0.8771000000000001,1642.2028000000003
90,cox_ph_alg_2,support,0.6,0.9411,1822.7461399999997
91,cox_ph_alg_2,support,0.6,0.9515,1823.0529800000004
92,cox_ph_alg_2,support,0.6,0.9087,1721.35328
93,cox_ph_alg_2,support,0.6,0.9512999999999999,1825.9088199999999
94,cox_ph_alg_2,support,0.6,0.9444000000000001,1802.7875999999999
95,cox_ph_alg_2,support,0.6,0.9089999999999999,1705.47267
96,cox_ph_alg_2,support,0.6,0.9312,1804.00179
97,cox_ph_alg_2,support,0.6,0.946,1810.05067
98,cox_ph_alg_2,support,0.6,0.944,1802.5680000000002
99,cox_ph_alg_2,support,0.6,0.9215000000000001,1744.8449199999998
100,cox_cc_alg_1,support,0.6,0.9005000000000001,1743.7639200000003
101,cox_cc_alg_1,support,0.6,0.9068999999999999,1727.18618
102,cox_cc_alg_1,support,0.6,0.8826999999999999,1634.7995
103,cox_cc_alg_1,support,0.6,0.9079999999999999,1729.29198
104,cox_cc_alg_1,support,0.6,0.9447000000000001,1761.0062899999998
105,cox_cc_alg_1,support,0.6,0.8773999999999998,1592.6815000000001
106,cox_cc_alg_1,support,0.6,0.8523000000000001,1620.6385999999998
107,cox_cc_alg_1,support,0.6,0.9146,1712.2412300000003
108,cox_cc_alg_1,support,0.6,0.9477000000000001,1769.35192
109,cox_cc_alg_1,support,0.6,0.8828,1649.9874
110,cox_cc_alg_2,support,0.6,0.9364999999999999,1818.8563599999998
111,cox_cc_alg_2,support,0.6,0.9320999999999999,1781.94333
112,cox_cc_alg_2,support,0.6,0.9246,1760.3147099999999
113,cox_cc_alg_2,support,0.6,0.9473,1819.4072799999997
114,cox_cc_alg_2,support,0.6,0.9630000000000001,1846.4503
115,cox_cc_alg_2,support,0.6,0.9211,1720.8902799999998
116,cox_cc_alg_2,support,0.6,0.9255000000000001,1795.31875
117,cox_cc_alg_2,support,0.6,0.9560000000000001,1834.65978
118,cox_cc_alg_2,support,0.6,0.9671000000000001,1857.91353
119,cox_cc_alg_2,support,0.6,0.9259,1749.7263300000004
120,cox_ph_alg_1,rr_nl_nph,0.7,0.6947000000000001,10.852926544789911
121,cox_ph_alg_1,rr_nl_nph,0.7,0.6981999999999999,11.995246544789916
122,cox_ph_alg_1,rr_nl_nph,0.7,0.6812999999999998,11.406956544789915
123,cox_ph_alg_1,rr_nl_nph,0.7,0.7176999999999998,11.46822654478991
124,cox_ph_alg_1,rr_nl_nph,0.7,0.6662,10.766226544789912
125,cox_ph_alg_1,rr_nl_nph,0.7,0.7021,10.747596544789914
126,cox_ph_alg_1,rr_nl_nph,0.7,0.6815000000000001,12.104776544789916
127,cox_ph_alg_1,rr_nl_nph,0.7,0.6456000000000002,12.212886544789916
128,cox_ph_alg_1,rr_nl_nph,0.7,0.721,12.455866544789917
129,cox_ph_alg_1,rr_nl_nph,0.7,0.6568999999999999,12.132826544789912
130,cox_ph_alg_2,rr_nl_nph,0.7,0.7598999999999998,13.14635168869881
131,cox_ph_alg_2,rr_nl_nph,0.7,0.7706000000000001,14.565576614238461
132,cox_ph_alg_2,rr_nl_nph,0.7,0.7406999999999998,13.27732004817569
133,cox_ph_alg_2,rr_nl_nph,0.7,0.7875999999999999,13.926139770962388
134,cox_ph_alg_2,rr_nl_nph,0.7,0.7650999999999999,13.23744202403328
135,cox_ph_alg_2,rr_nl_nph,0.7,0.7807999999999999,13.504229781999973
136,cox_ph_alg_2,rr_nl_nph,0.7,0.7528999999999999,14.05645291986243
137,cox_ph_alg_2,rr_nl_nph,0.7,0.6823,13.111480577552317
138,cox_ph_alg_2,rr_nl_nph,0.7,0.7943000000000001,14.46158997611329
139,cox_ph_alg_2,rr_nl_nph,0.7,0.7206,14.233858994544812
140,cox_cc_alg_1,rr_nl_nph,0.7,0.6954999999999998,10.846946544789912
141,cox_cc_alg_1,rr_nl_nph,0.7,0.6911,11.907666544789915
142,cox_cc_alg_1,rr_nl_nph,0.7,0.6793,11.456206544789918
143,cox_cc_alg_1,rr_nl_nph,0.7,0.7242000000000001,11.524936544789917
144,cox_cc_alg_1,rr_nl_nph,0.7,0.6727,10.861986544789916
145,cox_cc_alg_1,rr_nl_nph,0.7,0.7044,10.726056544789914
146,cox_cc_alg_1,rr_nl_nph,0.7,0.6849,12.214956544789915
147,cox_cc_alg_1,rr_nl_nph,0.7,0.6441,12.125626544789917
148,cox_cc_alg_1,rr_nl_nph,0.7,0.7189,12.495896544789915
149,cox_cc_alg_1,rr_nl_nph,0.7,0.6559,12.079026544789915
150,cox_cc_alg_2,rr_nl_nph,0.7,0.7611999999999999,12.949200821891552
151,cox_cc_alg_2,rr_nl_nph,0.7,0.7717000000000002,14.664411383867197
152,cox_cc_alg_2,rr_nl_nph,0.7,0.7404,13.335799876726705
153,cox_cc_alg_2,rr_nl_nph,0.7,0.7908999999999999,13.915582077513207
154,cox_cc_alg_2,rr_nl_nph,0.7,0.7701,13.17900785951608
155,cox_cc_alg_2,rr_nl_nph,0.7,0.7842999999999999,13.307836784709039
156,cox_cc_alg_2,rr_nl_nph,0.7,0.7458,13.978393845489391
157,cox_cc_alg_2,rr_nl_nph,0.7,0.6864000000000001,13.34371453409443
158,cox_cc_alg_2,rr_nl_nph,0.7,0.7961,14.765562402284267
159,cox_cc_alg_2,rr_nl_nph,0.7,0.7167999999999999,13.768830950644624
160,cox_ph_alg_1,metabric,0.7,0.8846875,274.58080208333325
161,cox_ph_alg_1,metabric,0.7,0.8585416666666665,260.7660474853516
162,cox_ph_alg_1,metabric,0.7,0.8248958333333333,262.46267231114706
163,cox_ph_alg_1,metabric,0.7,0.9410416666666666,277.01743335469564
164,cox_ph_alg_1,metabric,0.7,0.8353125,259.4693080355326
165,cox_ph_alg_1,metabric,0.7,0.8726041666666667,273.8225104166666
166,cox_ph_alg_1,metabric,0.7,0.8929166666666667,276.9359648119609
167,cox_ph_alg_1,metabric,0.7,0.8359375,247.96181249999995
168,cox_ph_alg_1,metabric,0.7,0.8635416666666668,266.2760581715902
169,cox_ph_alg_1,metabric,0.7,0.8738541666666665,272.66838143285116
170,cox_ph_alg_2,metabric,0.7,0.9238541666666666,
171,cox_ph_alg_2,metabric,0.7,0.8943749999999998,
172,cox_ph_alg_2,metabric,0.7,0.8919791666666667,
173,cox_ph_alg_2,metabric,0.7,0.9461458333333335,
174,cox_ph_alg_2,metabric,0.7,0.9323958333333332,
175,cox_ph_alg_2,metabric,0.7,0.9481250000000001,
176,cox_ph_alg_2,metabric,0.7,0.9211458333333334,
177,cox_ph_alg_2,metabric,0.7,0.896875,
178,cox_ph_alg_2,metabric,0.7,0.9282291666666667,
179,cox_ph_alg_2,metabric,0.7,0.8894791666666667,
180,cox_cc_alg_1,metabric,0.7,0.9162500000000001,282.3772395833333
181,cox_cc_alg_1,metabric,0.7,0.8160416666666666,253.13809952163697
182,cox_cc_alg_1,metabric,0.7,0.8598958333333334,273.56168277867636
183,cox_cc_alg_1,metabric,0.7,0.9233333333333333,272.01146473566695
184,cox_cc_alg_1,metabric,0.7,0.8248958333333333,256.72158919143675
185,cox_cc_alg_1,metabric,0.7,0.855,269.7555729166666
186,cox_cc_alg_1,metabric,0.7,0.8848958333333332,272.19866276168824
187,cox_cc_alg_1,metabric,0.7,0.7519791666666666,230.4868333333333
188,cox_cc_alg_1,metabric,0.7,0.8652083333333334,266.8847872543335
189,cox_cc_alg_1,metabric,0.7,0.8418749999999999,265.5312357851664
190,cox_cc_alg_2,metabric,0.7,0.9431250000000001,298.6610175318718
191,cox_cc_alg_2,metabric,0.7,0.8686458333333333,268.23810032031935
192,cox_cc_alg_2,metabric,0.7,0.9316666666666666,298.4046067070166
193,cox_cc_alg_2,metabric,0.7,0.9331250000000001,278.59262117399277
194,cox_cc_alg_2,metabric,0.7,0.9171874999999999,284.68118760009605
195,cox_cc_alg_2,metabric,0.7,0.9421875000000001,301.5454202311436
196,cox_cc_alg_2,metabric,0.7,0.9123958333333334,291.4125695807934
197,cox_cc_alg_2,metabric,0.7,0.84125,265.3315921978355
198,cox_cc_alg_2,metabric,0.7,0.9303125,301.204870843937
199,cox_cc_alg_2,metabric,0.7,0.855,270.6837571146091
200,cox_ph_alg_1,support,0.7,0.914,1783.533
201,cox_ph_alg_1,support,0.7,0.9269,1771.02083
202,cox_ph_alg_1,support,0.7,0.8674,1655.96106
203,cox_ph_alg_1,support,0.7,0.9193000000000001,1761.2668899999999
204,cox_ph_alg_1,support,0.7,0.9506999999999999,1799.70775
205,cox_ph_alg_1,support,0.7,0.8486000000000001,1598.02456
206,cox_ph_alg_1,support,0.7,0.9037999999999999,1737.3224499999997
207,cox_ph_alg_1,support,0.7,0.9191999999999999,1748.85171
208,cox_ph_alg_1,support,0.7,0.9276000000000002,1767.92387
209,cox_ph_alg_1,support,0.7,0.9055,1722.14144
210,cox_ph_alg_2,support,0.7,0.9476,1871.9298700000002
211,cox_ph_alg_2,support,0.7,0.9464,1837.4469300000005
212,cox_ph_alg_2,support,0.7,0.9264,1773.34182
213,cox_ph_alg_2,support,0.7,0.9550000000000002,1845.3716000000004
214,cox_ph_alg_2,support,0.7,0.9692999999999999,1879.4228399999995
215,cox_ph_alg_2,support,0.7,0.9198000000000001,1738.85256
216,cox_ph_alg_2,support,0.7,0.9523999999999999,1863.4328500000001
217,cox_ph_alg_2,support,0.7,0.9605,1846.7174699999994
218,cox_ph_alg_2,support,0.7,0.9628000000000001,1859.6027200000003
219,cox_ph_alg_2,support,0.7,0.9442,1802.5832500000004
220,cox_cc_alg_1,support,0.7,0.9138,1779.9744100000005
221,cox_cc_alg_1,support,0.7,0.9511,1813.20041
222,cox_cc_alg_1,support,0.7,0.9053999999999999,1709.1753499999998
223,cox_cc_alg_1,support,0.7,0.9037,1740.5304199999998
224,cox_cc_alg_1,support,0.7,0.8966999999999998,1745.41354
225,cox_cc_alg_1,support,0.7,0.9158000000000002,1684.4536699999999
226,cox_cc_alg_1,support,0.7,0.9255,1771.4731700000002
227,cox_cc_alg_1,support,0.7,0.912,1742.0458800000001
228,cox_cc_alg_1,support,0.7,0.9328000000000002,1767.5869500000003
229,cox_cc_alg_1,support,0.7,0.8937,1709.0289900000002
230,cox_cc_alg_2,support,0.7,0.9479000000000001,1868.75408
231,cox_cc_alg_2,support,0.7,0.9679000000000001,1882.82168
232,cox_cc_alg_2,support,0.7,0.9458999999999999,1824.0809100000001
233,cox_cc_alg_2,support,0.7,0.9447,1826.05589
234,cox_cc_alg_2,support,0.7,0.9472000000000002,1828.2871300000002
235,cox_cc_alg_2,support,0.7,0.9561,1816.3004700000001
236,cox_cc_alg_2,support,0.7,0.9604999999999998,1896.9712799999998
237,cox_cc_alg_2,support,0.7,0.9565,1840.9832600000002
238,cox_cc_alg_2,support,0.7,0.9636000000000001,1857.3978999999997
239,cox_cc_alg_2,support,0.7,0.9373999999999999,1789.1671700000004
240,cox_ph_alg_1,rr_nl_nph,0.8,0.7742,13.356896544789914
241,cox_ph_alg_1,rr_nl_nph,0.8,0.7799,14.642816544789918
242,cox_ph_alg_1,rr_nl_nph,0.8,0.7698,13.974506544789918
243,cox_ph_alg_1,rr_nl_nph,0.8,0.8031,14.065436544789916
244,cox_ph_alg_1,rr_nl_nph,0.8,0.7650999999999999,13.335036544789919
245,cox_ph_alg_1,rr_nl_nph,0.8,0.7905,13.311666544789913
246,cox_ph_alg_1,rr_nl_nph,0.8,0.7772,14.933936544789916
247,cox_ph_alg_1,rr_nl_nph,0.8,0.7559,15.061046544789917
248,cox_ph_alg_1,rr_nl_nph,0.8,0.8039000000000002,15.058106544789917
249,cox_ph_alg_1,rr_nl_nph,0.8,0.7400999999999999,14.484716544789912
250,cox_ph_alg_2,rr_nl_nph,0.8,0.8288000000000001,16.779385229935052
251,cox_ph_alg_2,rr_nl_nph,0.8,0.8447000000000001,18.80584054880937
252,cox_ph_alg_2,rr_nl_nph,0.8,0.8390000000000001,17.73650208852902
253,cox_ph_alg_2,rr_nl_nph,0.8,0.856,18.191117973662152
254,cox_ph_alg_2,rr_nl_nph,0.8,0.8590999999999999,17.76421424255185
255,cox_ph_alg_2,rr_nl_nph,0.8,0.8710000000000001,17.69880176050504
256,cox_ph_alg_2,rr_nl_nph,0.8,0.8281000000000001,18.331854143262053
257,cox_ph_alg_2,rr_nl_nph,0.8,0.8064999999999999,17.136710635215614
258,cox_ph_alg_2,rr_nl_nph,0.8,0.8747,18.746142325793173
259,cox_ph_alg_2,rr_nl_nph,0.8,0.7977999999999998,17.644480842578258
260,cox_cc_alg_1,rr_nl_nph,0.8,0.7734000000000001,13.229156544789914
261,cox_cc_alg_1,rr_nl_nph,0.8,0.7809000000000001,14.647026544789915
262,cox_cc_alg_1,rr_nl_nph,0.8,0.7674000000000001,13.975116544789914
263,cox_cc_alg_1,rr_nl_nph,0.8,0.8017,13.986546544789912
264,cox_cc_alg_1,rr_nl_nph,0.8,0.7634000000000001,13.345626544789916
265,cox_cc_alg_1,rr_nl_nph,0.8,0.7918999999999998,13.250836544789916
266,cox_cc_alg_1,rr_nl_nph,0.8,0.7791000000000001,14.963446544789912
267,cox_cc_alg_1,rr_nl_nph,0.8,0.7559999999999999,15.139326544789917
268,cox_cc_alg_1,rr_nl_nph,0.8,0.8048000000000001,15.174176544789914
269,cox_cc_alg_1,rr_nl_nph,0.8,0.7369,14.534896544789914
270,cox_cc_alg_2,rr_nl_nph,0.8,0.8307000000000001,16.397914205367105
271,cox_cc_alg_2,rr_nl_nph,0.8,0.8466,18.6887334318902
272,cox_cc_alg_2,rr_nl_nph,0.8,0.8314000000000001,17.478880424892235
273,cox_cc_alg_2,rr_nl_nph,0.8,0.8532000000000001,17.669097933038678
274,cox_cc_alg_2,rr_nl_nph,0.8,0.8588000000000001,17.857080683918056
275,cox_cc_alg_2,rr_nl_nph,0.8,0.8676,17.484648699775654
276,cox_cc_alg_2,rr_nl_nph,0.8,0.8254000000000002,18.397749376123162
277,cox_cc_alg_2,rr_nl_nph,0.8,0.8123999999999999,17.498066422522545
278,cox_cc_alg_2,rr_nl_nph,0.8,0.8728,19.096918953798312
279,cox_cc_alg_2,rr_nl_nph,0.8,0.8018000000000001,18.06968730429592
280,cox_ph_alg_1,metabric,0.8,0.9447916666666667,299.57580208333326
281,cox_ph_alg_1,metabric,0.8,0.9152083333333335,285.1433089001974
282,cox_ph_alg_1,metabric,0.8,0.8844791666666666,289.41370470555626
283,cox_ph_alg_1,metabric,0.8,0.9725000000000001,302.64508053716025
284,cox_ph_alg_1,metabric,0.8,0.9114583333333334,283.2678923784892
285,cox_ph_alg_1,metabric,0.8,0.9344791666666667,297.9986041666666
286,cox_ph_alg_1,metabric,0.8,0.9357291666666668,298.66976788075766
287,cox_ph_alg_1,metabric,0.8,0.8895833333333334,272.2389791666666
288,cox_ph_alg_1,metabric,0.8,0.9121875,292.89734063975015
289,cox_ph_alg_1,metabric,0.8,0.928125,295.7936532452901
290,cox_ph_alg_2,metabric,0.8,0.9539583333333335,
291,cox_ph_alg_2,metabric,0.8,0.9415625,
292,cox_ph_alg_2,metabric,0.8,0.9290625,
293,cox_ph_alg_2,metabric,0.8,0.9736458333333333,
294,cox_ph_alg_2,metabric,0.8,0.9686458333333334,
295,cox_ph_alg_2,metabric,0.8,0.976875,
296,cox_ph_alg_2,metabric,0.8,0.9588541666666668,
297,cox_ph_alg_2,metabric,0.8,0.94375,
298,cox_ph_alg_2,metabric,0.8,0.9588541666666668,
299,cox_ph_alg_2,metabric,0.8,0.9234375,
300,cox_cc_alg_1,metabric,0.8,0.9116666666666666,289.7410729166666
301,cox_cc_alg_1,metabric,0.8,0.9180208333333334,286.13744424692794
302,cox_cc_alg_1,metabric,0.8,0.8786458333333332,288.134662853241
303,cox_cc_alg_1,metabric,0.8,0.9619791666666666,300.126768169403
304,cox_cc_alg_1,metabric,0.8,0.9424999999999999,289.5229444211324
305,cox_cc_alg_1,metabric,0.8,0.9147916666666666,294.5316145833333
306,cox_cc_alg_1,metabric,0.8,0.9364583333333334,298.241924088796
307,cox_cc_alg_1,metabric,0.8,0.9004166666666666,277.9398854166666
308,cox_cc_alg_1,metabric,0.8,0.8923958333333334,284.80190295282995
309,cox_cc_alg_1,metabric,0.8,0.9382291666666666,297.1359344698588
310,cox_cc_alg_2,metabric,0.8,0.9316666666666666,299.2457822802762
311,cox_cc_alg_2,metabric,0.8,0.9452083333333333,300.2773128124475
312,cox_cc_alg_2,metabric,0.8,0.9328124999999999,305.9158372338116
313,cox_cc_alg_2,metabric,0.8,0.9682291666666666,302.5745218612353
314,cox_cc_alg_2,metabric,0.8,0.9805208333333333,313.5790041465362
315,cox_cc_alg_2,metabric,0.8,0.9698958333333333,317.3301332193812
316,cox_cc_alg_2,metabric,0.8,0.9595833333333333,312.94552174049613
317,cox_cc_alg_2,metabric,0.8,0.950625,310.3734478521546
318,cox_cc_alg_2,metabric,0.8,0.9412500000000001,309.84050765861076
319,cox_cc_alg_2,metabric,0.8,0.9344791666666666,300.9281397271752
320,cox_ph_alg_1,support,0.8,0.9248999999999999,1810.0610099999997
321,cox_ph_alg_1,support,0.8,0.9601999999999999,1854.47872
322,cox_ph_alg_1,support,0.8,0.9329999999999998,1774.3108
323,cox_ph_alg_1,support,0.8,0.9436000000000001,1828.8575099999998
324,cox_ph_alg_1,support,0.8,0.9375,1807.1608099999999
325,cox_ph_alg_1,support,0.8,0.9486999999999999,1774.82148
326,cox_ph_alg_1,support,0.8,0.9348000000000001,1811.45465
327,cox_ph_alg_1,support,0.8,0.9500000000000002,1825.0822300000002
328,cox_ph_alg_1,support,0.8,0.9422,1813.75335
329,cox_ph_alg_1,support,0.8,0.9191000000000001,1749.1506299999999
330,cox_ph_alg_2,support,0.8,0.9612,1890.0886
331,cox_ph_alg_2,support,0.8,0.9754,1912.5291
332,cox_ph_alg_2,support,0.8,0.9598,1877.4516700000001
333,cox_ph_alg_2,support,0.8,0.9708,1904.4345
334,cox_ph_alg_2,support,0.8,0.9736000000000001,1891.3627200000003
335,cox_ph_alg_2,support,0.8,0.975,1892.5040099999999
336,cox_ph_alg_2,support,0.8,0.9710000000000001,1940.48495
337,cox_ph_alg_2,support,0.8,0.9788000000000001,1907.7700500000003
338,cox_ph_alg_2,support,0.8,0.9752000000000001,1902.4611300000001
339,cox_ph_alg_2,support,0.8,0.9562999999999999,1848.6815500000002
340,cox_cc_alg_1,support,0.8,0.9455999999999999,1843.31438
341,cox_cc_alg_1,support,0.8,0.9520000000000001,1837.42877
342,cox_cc_alg_1,support,0.8,0.9224000000000001,1752.05331
343,cox_cc_alg_1,support,0.8,0.9617,1858.06987
344,cox_cc_alg_1,support,0.8,0.9521000000000002,1833.7663100000002
345,cox_cc_alg_1,support,0.8,0.9334999999999998,1749.70742
346,cox_cc_alg_1,support,0.8,0.9388,1820.52681
347,cox_cc_alg_1,support,0.8,0.9631000000000001,1841.27853
348,cox_cc_alg_1,support,0.8,0.9641999999999998,1856.88742
349,cox_cc_alg_1,support,0.8,0.9156,1752.4507300000002
350,cox_cc_alg_2,support,0.8,0.9728,1921.0582499999998
351,cox_cc_alg_2,support,0.8,0.9690000000000002,1884.9548800000002
352,cox_cc_alg_2,support,0.8,0.9583000000000002,1857.6789899999997
353,cox_cc_alg_2,support,0.8,0.9766999999999999,1931.40177
354,cox_cc_alg_2,support,0.8,0.9785,1912.49848
355,cox_cc_alg_2,support,0.8,0.972,1873.37431
356,cox_cc_alg_2,support,0.8,0.975,1953.9293099999998
357,cox_cc_alg_2,support,0.8,0.9845,1924.91554
358,cox_cc_alg_2,support,0.8,0.9856999999999999,1943.4471399999998
359,cox_cc_alg_2,support,0.8,0.9554,1844.5876900000003
360,cox_ph_alg_1,rr_nl_nph,0.9,0.8567999999999999,17.389946544789915
361,cox_ph_alg_1,rr_nl_nph,0.9,0.8617,18.408246544789918
362,cox_ph_alg_1,rr_nl_nph,0.9,0.8588,17.969026544789916
363,cox_ph_alg_1,rr_nl_nph,0.9,0.8761,17.368936544789918
364,cox_ph_alg_1,rr_nl_nph,0.9,0.8485,16.87566654478991
365,cox_ph_alg_1,rr_nl_nph,0.9,0.8754999999999998,16.752556544789915
366,cox_ph_alg_1,rr_nl_nph,0.9,0.8543999999999999,18.906536128245126
367,cox_ph_alg_1,rr_nl_nph,0.9,0.8671,19.58643512853763
368,cox_ph_alg_1,rr_nl_nph,0.9,0.8803999999999997,18.90007654478992
369,cox_ph_alg_1,rr_nl_nph,0.9,0.8264,18.616586544789914
370,cox_ph_alg_2,rr_nl_nph,0.9,0.9182000000000002,25.460444142254833
371,cox_ph_alg_2,rr_nl_nph,0.9,0.9193999999999999,24.969236046808692
372,cox_ph_alg_2,rr_nl_nph,0.9,0.9181,25.858277446160443
373,cox_ph_alg_2,rr_nl_nph,0.9,0.9386,24.696626390067536
374,cox_ph_alg_2,rr_nl_nph,0.9,0.9138,24.36274425485017
375,cox_ph_alg_2,rr_nl_nph,0.9,0.9563000000000001,25.927346877285448
376,cox_ph_alg_2,rr_nl_nph,0.9,0.8991999999999999,24.666857610040733
377,cox_ph_alg_2,rr_nl_nph,0.9,0.9146999999999998,24.08675910546052
378,cox_ph_alg_2,rr_nl_nph,0.9,0.9401999999999999,25.145560648671097
379,cox_ph_alg_2,rr_nl_nph,0.9,0.8878,24.53446463058453
380,cox_cc_alg_1,rr_nl_nph,0.9,0.8531000000000002,17.174616544789913
381,cox_cc_alg_1,rr_nl_nph,0.9,0.8556,18.490456419826476
382,cox_cc_alg_1,rr_nl_nph,0.9,0.8589,17.849186544789916
383,cox_cc_alg_1,rr_nl_nph,0.9,0.8774000000000001,17.537626544789916
384,cox_cc_alg_1,rr_nl_nph,0.9,0.8515,16.742466544789917
385,cox_cc_alg_1,rr_nl_nph,0.9,0.8756,16.657906544789913
386,cox_cc_alg_1,rr_nl_nph,0.9,0.8508,18.97583587831825
387,cox_cc_alg_1,rr_nl_nph,0.9,0.8680000000000001,19.559815378464506
388,cox_cc_alg_1,rr_nl_nph,0.9,0.8802999999999999,18.887956544789915
389,cox_cc_alg_1,rr_nl_nph,0.9,0.8278,18.468606544789917
390,cox_cc_alg_2,rr_nl_nph,0.9,0.9198000000000001,25.12201933101423
391,cox_cc_alg_2,rr_nl_nph,0.9,0.9118,25.606826364920845
392,cox_cc_alg_2,rr_nl_nph,0.9,0.9176000000000002,24.861540176410394
393,cox_cc_alg_2,rr_nl_nph,0.9,0.9420999999999999,24.928522479608027
394,cox_cc_alg_2,rr_nl_nph,0.9,0.9139000000000002,23.60620019738904
395,cox_cc_alg_2,rr_nl_nph,0.9,0.953,25.32729492203406
396,cox_cc_alg_2,rr_nl_nph,0.9,0.8985000000000001,24.66676848329548
397,cox_cc_alg_2,rr_nl_nph,0.9,0.9189,24.265882733342888
398,cox_cc_alg_2,rr_nl_nph,0.9,0.9415,25.349054767977442
399,cox_cc_alg_2,rr_nl_nph,0.9,0.8999999999999999,24.073072455196396
400,cox_ph_alg_1,metabric,0.9,0.9720833333333333,321.60215624999995
401,cox_ph_alg_1,metabric,0.9,0.9588541666666667,314.5711228256225
402,cox_ph_alg_1,metabric,0.9,0.9465625000000001,316.0618313102722
403,cox_ph_alg_1,metabric,0.9,0.9859375,324.99866511281334
404,cox_ph_alg_1,metabric,0.9,0.9646875000000001,313.47359170532224
405,cox_ph_alg_1,metabric,0.9,0.9820833333333333,324.1688333333332
406,cox_ph_alg_1,metabric,0.9,0.9767708333333333,320.108446144104
407,cox_ph_alg_1,metabric,0.9,0.9571875,302.34279166666664
408,cox_ph_alg_1,metabric,0.9,0.9586458333333333,319.27896697235104
409,cox_ph_alg_1,metabric,0.9,0.9793750000000001,323.0827794863383
410,cox_ph_alg_2,metabric,0.9,0.9797916666666667,
411,cox_ph_alg_2,metabric,0.9,0.9701041666666667,
412,cox_ph_alg_2,metabric,0.9,0.9660416666666666,
413,cox_ph_alg_2,metabric,0.9,0.9873958333333333,
414,cox_ph_alg_2,metabric,0.9,0.9856250000000001,
415,cox_ph_alg_2,metabric,0.9,0.9914583333333334,
416,cox_ph_alg_2,metabric,0.9,0.9910416666666668,
417,cox_ph_alg_2,metabric,0.9,0.9810416666666667,
418,cox_ph_alg_2,metabric,0.9,0.9925,
419,cox_ph_alg_2,metabric,0.9,0.985,
420,cox_cc_alg_1,metabric,0.9,0.9760416666666667,322.7809062499999
421,cox_cc_alg_1,metabric,0.9,0.9571875000000002,313.61574787521363
422,cox_cc_alg_1,metabric,0.9,0.9404166666666667,311.1921646525065
423,cox_cc_alg_1,metabric,0.9,0.9856250000000001,324.359363011678
424,cox_cc_alg_1,metabric,0.9,0.9736458333333333,319.1464043121338
425,cox_cc_alg_1,metabric,0.9,0.9827083333333334,323.54339583333325
426,cox_cc_alg_1,metabric,0.9,0.969375,316.0265085589091
427,cox_cc_alg_1,metabric,0.9,0.9621875000000001,305.3063229166666
428,cox_cc_alg_1,metabric,0.9,0.9631249999999999,320.58953987503054
429,cox_cc_alg_1,metabric,0.9,0.9828125,324.68285238520303
430,cox_cc_alg_2,metabric,0.9,0.9816666666666668,330.01752666437625
431,cox_cc_alg_2,metabric,0.9,0.9674999999999999,321.25931047034265
432,cox_cc_alg_2,metabric,0.9,0.9514583333333334,320.61911315257845
433,cox_cc_alg_2,metabric,0.9,0.9868750000000001,325.6813495333095
434,cox_cc_alg_2,metabric,0.9,0.9907291666666668,335.43868648652233
435,cox_cc_alg_2,metabric,0.9,0.9916666666666667,335.27649565090735
436,cox_cc_alg_2,metabric,0.9,0.9826041666666668,326.45220278638595
437,cox_cc_alg_2,metabric,0.9,0.9846875,332.8876337841948
438,cox_cc_alg_2,metabric,0.9,0.9954166666666667,335.83854369436705
439,cox_cc_alg_2,metabric,0.9,0.9879166666666667,325.5609706247647
440,cox_ph_alg_1,support,0.9,0.9707000000000001,1907.0447800000004
441,cox_ph_alg_1,support,0.9,0.9727999999999999,1919.1412
442,cox_ph_alg_1,support,0.9,0.9549999999999998,1847.984
443,cox_ph_alg_1,support,0.9,0.9581999999999999,1864.3575099999998
444,cox_ph_alg_1,support,0.9,0.9805000000000001,1905.6583799999999
445,cox_ph_alg_1,support,0.9,0.9420999999999999,1796.87534
446,cox_ph_alg_1,support,0.9,0.9531999999999999,1880.41645
447,cox_ph_alg_1,support,0.9,0.9732000000000001,1892.56883
448,cox_ph_alg_1,support,0.9,0.9750000000000001,1902.2177100000001
449,cox_ph_alg_1,support,0.9,0.9542,1843.7563400000001
450,cox_ph_alg_2,support,0.9,0.991,1988.9728599999999
451,cox_ph_alg_2,support,0.9,0.9876999999999999,1981.6991400000002
452,cox_ph_alg_2,support,0.9,0.9777,1938.6701799999998
453,cox_ph_alg_2,support,0.9,0.9811,1946.70922
454,cox_ph_alg_2,support,0.9,0.9908,1967.2186399999994
455,cox_ph_alg_2,support,0.9,0.9799,1919.27236
456,cox_ph_alg_2,support,0.9,0.9837,1988.4505200000003
457,cox_ph_alg_2,support,0.9,0.9894,1966.0090899999998
458,cox_ph_alg_2,support,0.9,0.9930999999999999,1982.56454
459,cox_ph_alg_2,support,0.9,0.9749,1929.9273199999998
460,cox_cc_alg_1,support,0.9,0.9671,1901.72894
461,cox_cc_alg_1,support,0.9,0.9812000000000001,1952.4503900000002
462,cox_cc_alg_1,support,0.9,0.9647000000000001,1873.58063
463,cox_cc_alg_1,support,0.9,0.9666,1883.26982
464,cox_cc_alg_1,support,0.9,0.9781,1899.43747
465,cox_cc_alg_1,support,0.9,0.9488999999999999,1805.6004700000003
466,cox_cc_alg_1,support,0.9,0.9511,1874.1629500000001
467,cox_cc_alg_1,support,0.9,0.9778000000000001,1900.50178
468,cox_cc_alg_1,support,0.9,0.9842,1926.1926999999998
469,cox_cc_alg_1,support,0.9,0.9523,1840.0288
470,cox_cc_alg_2,support,0.9,0.9904000000000001,1986.93049
471,cox_cc_alg_2,support,0.9,0.9945,2013.7336299999995
472,cox_cc_alg_2,support,0.9,0.9840000000000001,1962.0204199999998
473,cox_cc_alg_2,support,0.9,0.9843,1961.1046299999998
474,cox_cc_alg_2,support,0.9,0.9894000000000002,1966.5881500000003
475,cox_cc_alg_2,support,0.9,0.9828,1929.6194999999998
476,cox_cc_alg_2,support,0.9,0.9813,1981.87091
477,cox_cc_alg_2,support,0.9,0.9896,1973.6112899999998
478,cox_cc_alg_2,support,0.9,0.9967,2004.4505700000002
479,cox_cc_alg_2,support,0.9,0.9749000000000001,1931.40932
480,cox_ph_alg_1,rr_nl_nph,0.95,0.8981,20.590235836663773
481,cox_ph_alg_1,rr_nl_nph,0.95,0.9133999999999999,21.72725875540234
482,cox_ph_alg_1,rr_nl_nph,0.95,0.9075,21.554131587906912
483,cox_ph_alg_1,rr_nl_nph,0.95,0.9229,21.518571629561396
484,cox_ph_alg_1,rr_nl_nph,0.95,0.8934000000000002,20.400525878318252
485,cox_ph_alg_1,rr_nl_nph,0.95,0.9271,20.51332000503671
486,cox_ph_alg_1,rr_nl_nph,0.95,0.9104000000000001,22.335286883875828
487,cox_ph_alg_1,rr_nl_nph,0.95,0.9295,23.484318838711303
488,cox_ph_alg_1,rr_nl_nph,0.95,0.9184,22.227569463528486
489,cox_ph_alg_1,rr_nl_nph,0.95,0.8711,21.595315253501063
490,cox_ph_alg_2,rr_nl_nph,0.95,0.9791000000000003,30.53077910547643
491,cox_ph_alg_2,rr_nl_nph,0.95,0.9651000000000001,29.398035114243516
492,cox_ph_alg_2,rr_nl_nph,0.95,0.9706,30.34906961253081
493,cox_ph_alg_2,rr_nl_nph,0.95,0.9815,30.46028705099552
494,cox_ph_alg_2,rr_nl_nph,0.95,0.9615999999999998,29.2259044693918
495,cox_ph_alg_2,rr_nl_nph,0.95,0.985,30.387385394025
496,cox_ph_alg_2,rr_nl_nph,0.95,0.9684,30.316850126150904
497,cox_ph_alg_2,rr_nl_nph,0.95,0.9764999999999999,30.078701434593604
498,cox_ph_alg_2,rr_nl_nph,0.95,0.9723,29.420871688344306
499,cox_ph_alg_2,rr_nl_nph,0.95,0.9523,28.344785444238713
500,cox_cc_alg_1,rr_nl_nph,0.95,0.9003,20.599515003574194
501,cox_cc_alg_1,rr_nl_nph,0.95,0.9098,21.83908938021953
502,cox_cc_alg_1,rr_nl_nph,0.95,0.9061999999999998,21.407244670338365
503,cox_cc_alg_1,rr_nl_nph,0.95,0.9248999999999999,21.01488013000015
504,cox_cc_alg_1,rr_nl_nph,0.95,0.8949000000000003,20.272374378757007
505,cox_cc_alg_1,rr_nl_nph,0.95,0.9242000000000001,20.032852212724098
506,cox_cc_alg_1,rr_nl_nph,0.95,0.9155000000000001,22.547426386947127
507,cox_cc_alg_1,rr_nl_nph,0.95,0.9327999999999997,23.33230133798005
508,cox_cc_alg_1,rr_nl_nph,0.95,0.9197,22.451512670923368
509,cox_cc_alg_1,rr_nl_nph,0.95,0.8700000000000001,21.712075753354817
510,cox_cc_alg_2,rr_nl_nph,0.95,0.9771,30.611999703741727
511,cox_cc_alg_2,rr_nl_nph,0.95,0.9815999999999999,29.794443016016658
512,cox_cc_alg_2,rr_nl_nph,0.95,0.9682,29.92940466570185
513,cox_cc_alg_2,rr_nl_nph,0.95,0.9800999999999999,29.28428989623967
514,cox_cc_alg_2,rr_nl_nph,0.95,0.9590999999999998,29.23622090924261
515,cox_cc_alg_2,rr_nl_nph,0.95,0.9864,29.432374756256063
516,cox_cc_alg_2,rr_nl_nph,0.95,0.9689,30.05186912222198
517,cox_cc_alg_2,rr_nl_nph,0.95,0.9694999999999999,29.34969844265014
518,cox_cc_alg_2,rr_nl_nph,0.95,0.9758999999999999,30.06862931194075
519,cox_cc_alg_2,rr_nl_nph,0.95,0.9432,28.465380865752312
520,cox_ph_alg_1,metabric,0.95,0.9955208333333333,336.3327812499999
521,cox_ph_alg_1,metabric,0.95,0.9846875,333.25149908828735
522,cox_ph_alg_1,metabric,0.95,0.9762500000000002,332.8553742968241
523,cox_ph_alg_1,metabric,0.95,0.9920833333333334,338.7077600911459
524,cox_ph_alg_1,metabric,0.95,0.9847916666666666,333.9222076479594
525,cox_ph_alg_1,metabric,0.95,0.9939583333333335,338.7526874999999
526,cox_ph_alg_1,metabric,0.95,0.993125,334.7299264094035
527,cox_ph_alg_1,metabric,0.95,0.9847916666666666,319.90021874999985
528,cox_ph_alg_1,metabric,0.95,0.9870833333333332,335.08185348637903
529,cox_ph_alg_1,metabric,0.95,0.9957291666666667,337.23082215372716
530,cox_ph_alg_2,metabric,0.95,0.9968750000000001,341.9985382154782
531,cox_ph_alg_2,metabric,0.95,0.9860416666666668,336.3569018785159
532,cox_ph_alg_2,metabric,0.95,0.9866666666666667,338.83615949251254
533,cox_ph_alg_2,metabric,0.95,0.9945833333333335,339.1896074816038
534,cox_ph_alg_2,metabric,0.95,0.9925,339.80310742847126
535,cox_ph_alg_2,metabric,0.95,0.9961458333333333,345.5804132384062
536,cox_ph_alg_2,metabric,0.95,0.9970833333333333,340.69550934427974
537,cox_ph_alg_2,metabric,0.95,0.9935416666666667,342.37498274672026
538,cox_ph_alg_2,metabric,0.95,0.9995833333333334,344.7836836143037
539,cox_ph_alg_2,metabric,0.95,0.9958333333333332,336.60222164557376
540,cox_cc_alg_1,metabric,0.95,0.9919791666666667,337.54381249999994
541,cox_cc_alg_1,metabric,0.95,0.9841666666666667,333.07985322697954
542,cox_cc_alg_1,metabric,0.95,0.9742708333333333,333.0865618387858
543,cox_cc_alg_1,metabric,0.95,0.9925,338.9675934524536
544,cox_cc_alg_1,metabric,0.95,0.9856250000000001,333.8393742752075
545,cox_cc_alg_1,metabric,0.95,0.9936458333333335,339.16684374999994
546,cox_cc_alg_1,metabric,0.95,0.9934375000000001,335.0344368718465
547,cox_cc_alg_1,metabric,0.95,0.9838541666666667,319.5291354166666
548,cox_cc_alg_1,metabric,0.95,0.9864583333333333,335.29660352579754
549,cox_cc_alg_1,metabric,0.95,0.9960416666666667,337.2146138381958
550,cox_cc_alg_2,metabric,0.95,0.9952083333333334,343.6142604470104
551,cox_cc_alg_2,metabric,0.95,0.9846875,336.1594608733853
552,cox_cc_alg_2,metabric,0.95,0.9855208333333335,338.9708123161594
553,cox_cc_alg_2,metabric,0.95,0.9945833333333335,339.4596492075771
554,cox_cc_alg_2,metabric,0.95,0.993125,340.39113906951746
555,cox_cc_alg_2,metabric,0.95,0.9961458333333334,345.7332292671402
556,cox_cc_alg_2,metabric,0.95,0.9976041666666667,340.9131135541797
557,cox_cc_alg_2,metabric,0.95,0.9926041666666666,341.88235425833864
558,cox_cc_alg_2,metabric,0.95,0.999375,344.21797527957955
559,cox_cc_alg_2,metabric,0.95,0.9945833333333334,336.6817632996837
560,cox_ph_alg_1,support,0.95,0.9847,1962.6429699999999
561,cox_ph_alg_1,support,0.95,0.9828999999999999,1949.0959000000003
562,cox_ph_alg_1,support,0.95,0.9767999999999999,1917.7772200000002
563,cox_ph_alg_1,support,0.95,0.9833999999999999,1947.0566099999999
564,cox_ph_alg_1,support,0.95,0.9897,1952.8631200000004
565,cox_ph_alg_1,support,0.95,0.9778,1914.3143000000002
566,cox_ph_alg_1,support,0.95,0.9746000000000001,1937.1241199999997
567,cox_ph_alg_1,support,0.95,0.9853000000000001,1948.07858
568,cox_ph_alg_1,support,0.95,0.9871,1957.9570199999998
569,cox_ph_alg_1,support,0.95,0.9753000000000001,1921.5743100000004
570,cox_ph_alg_2,support,0.95,0.997,2017.93614
571,cox_ph_alg_2,support,0.95,0.9916000000000001,1994.30142
572,cox_ph_alg_2,support,0.95,0.9872999999999998,1984.66035
573,cox_ph_alg_2,support,0.95,0.9942,2001.68691
574,cox_ph_alg_2,support,0.95,0.9956000000000002,1999.5947199999998
575,cox_ph_alg_2,support,0.95,0.9952,1996.6436500000002
576,cox_ph_alg_2,support,0.95,0.9915999999999999,2014.5344699999998
577,cox_ph_alg_2,support,0.95,0.993,2002.3718800000001
578,cox_ph_alg_2,support,0.95,0.9967999999999999,2009.75825
579,cox_ph_alg_2,support,0.95,0.9884,1989.3275800000004
580,cox_cc_alg_1,support,0.95,0.9856,1962.08779
581,cox_cc_alg_1,support,0.95,0.9834999999999999,1947.6665600000001
582,cox_cc_alg_1,support,0.95,0.9767,1921.4627400000004
583,cox_cc_alg_1,support,0.95,0.9847,1947.7056100000002
584,cox_cc_alg_1,support,0.95,0.9889000000000001,1953.0768900000005
585,cox_cc_alg_1,support,0.95,0.9779000000000001,1915.2700199999997
586,cox_cc_alg_1,support,0.95,0.9743999999999999,1936.1684300000002
587,cox_cc_alg_1,support,0.95,0.9847,1949.34059
588,cox_cc_alg_1,support,0.95,0.9876999999999999,1961.37149
589,cox_cc_alg_1,support,0.95,0.9757000000000001,1920.8093299999998
590,cox_cc_alg_2,support,0.95,0.998,2019.42723
591,cox_cc_alg_2,support,0.95,0.9923000000000001,1993.9082100000003
592,cox_cc_alg_2,support,0.95,0.9876,1985.29036
593,cox_cc_alg_2,support,0.95,0.9945,2000.5520000000001
594,cox_cc_alg_2,support,0.95,0.9963000000000001,2001.2993600000002
595,cox_cc_alg_2,support,0.95,0.9944000000000002,1999.76631
596,cox_cc_alg_2,support,0.95,0.9937,2016.2857000000001
597,cox_cc_alg_2,support,0.95,0.9939000000000001,2001.72823
598,cox_cc_alg_2,support,0.95,0.9977999999999999,2010.8447999999999
599,cox_cc_alg_2,support,0.95,0.9891,1987.8075000000003
600,vanilla_coxph,rr_nl_nph,0.6,0.542,14.267352801054717
601,vanilla_coxph,rr_nl_nph,0.6,0.548,14.289304362379015
602,vanilla_coxph,rr_nl_nph,0.6,0.5455,13.956780617713928
603,vanilla_coxph,rr_nl_nph,0.6,0.563,14.238263257205487
604,vanilla_coxph,rr_nl_nph,0.6,0.5395,13.65505643132329
605,vanilla_coxph,rr_nl_nph,0.6,0.553,14.23358534680307
606,vanilla_coxph,rr_nl_nph,0.6,0.533,14.263676578044892
607,vanilla_coxph,rr_nl_nph,0.6,0.5415,13.835157975643874
608,vanilla_coxph,rr_nl_nph,0.6,0.5435,14.400075508117675
609,vanilla_coxph,rr_nl_nph,0.6,0.5425,13.846710709512234
610,vanilla_coxph,metabric,0.6,0.7139107611548556,189.01889791013062
611,vanilla_coxph,metabric,0.6,0.821522309711286,205.10218762975978
612,vanilla_coxph,metabric,0.6,0.7795275590551181,203.57515364118763
613,vanilla_coxph,metabric,0.6,0.8110236220472441,202.9937015042843
614,vanilla_coxph,metabric,0.6,0.8136482939632546,196.89291393850732
615,vanilla_coxph,metabric,0.6,0.7270341207349081,187.2123359019362
616,vanilla_coxph,metabric,0.6,0.7506561679790026,187.8546805594537
617,vanilla_coxph,metabric,0.6,0.7821522309711286,187.67305425208386
618,vanilla_coxph,metabric,0.6,0.7559055118110236,190.03604572526427
619,vanilla_coxph,metabric,0.6,0.7952755905511811,194.79265157944886
620,vanilla_coxph,support,0.6,0.6952112676056338,693.6985915492958
621,vanilla_coxph,support,0.6,0.6777464788732395,673.4146478873239
622,vanilla_coxph,support,0.6,0.6816901408450704,629.7177464788732
623,vanilla_coxph,support,0.6,0.6788732394366197,663.2811267605633
624,vanilla_coxph,support,0.6,0.6929577464788732,648.2185915492958
625,vanilla_coxph,support,0.6,0.6805633802816902,678.6169014084508
626,vanilla_coxph,support,0.6,0.6895774647887324,650.8642253521127
627,vanilla_coxph,support,0.6,0.7002816901408451,663.3560563380282
628,vanilla_coxph,support,0.6,0.7115492957746479,752.7594366197183
629,vanilla_coxph,support,0.6,0.6805633802816902,633.7712676056339
630,vanilla_coxcc,rr_nl_nph,0.6,0.5585,14.338329507634043
631,vanilla_coxcc,rr_nl_nph,0.6,0.5755,14.578380842499435
632,vanilla_coxcc,rr_nl_nph,0.6,0.5555,13.994006426334382
633,vanilla_coxcc,rr_nl_nph,0.6,0.593,14.474493488639594
634,vanilla_coxcc,rr_nl_nph,0.6,0.569,13.956868533849716
635,vanilla_coxcc,rr_nl_nph,0.6,0.5635,14.32050223660469
636,vanilla_coxcc,rr_nl_nph,0.6,0.5495,14.396077654376626
637,vanilla_coxcc,rr_nl_nph,0.6,0.5735,14.020553575702012
638,vanilla_coxcc,rr_nl_nph,0.6,0.562,14.444230141729117
639,vanilla_coxcc,rr_nl_nph,0.6,0.5735,14.180660850673913
640,vanilla_coxcc,metabric,0.6,0.7191601049868767,190.8767281479723
641,vanilla_coxcc,metabric,0.6,0.8503937007874016,208.83954574304616
642,vanilla_coxcc,metabric,0.6,0.8083989501312336,204.779615807721
643,vanilla_coxcc,metabric,0.6,0.821522309711286,200.18495218772588
644,vanilla_coxcc,metabric,0.6,0.800524934383202,196.8902888673497
645,vanilla_coxcc,metabric,0.6,0.7375328083989501,186.8143478553752
646,vanilla_coxcc,metabric,0.6,0.7532808398950132,187.79676294201627
647,vanilla_coxcc,metabric,0.6,0.7690288713910761,188.6296589168038
648,vanilla_coxcc,metabric,0.6,0.7611548556430446,192.19632539724114
649,vanilla_coxcc,metabric,0.6,0.7874015748031497,196.97069179104383
650,vanilla_coxcc,support,0.6,0.7002816901408451,240.07323943661973
651,vanilla_coxcc,support,0.6,0.6828169014084507,214.88450704225352
652,vanilla_coxcc,support,0.6,0.6895774647887324,178.12112676056339
653,vanilla_coxcc,support,0.6,0.6777464788732395,189.29183098591548
654,vanilla_coxcc,support,0.6,0.7002816901408451,246.70985915492957
655,vanilla_coxcc,support,0.6,0.6907042253521126,195.06084507042254
656,vanilla_coxcc,support,0.6,0.6969014084507043,171.99661971830986
657,vanilla_coxcc,support,0.6,0.699718309859155,193.5154929577465
658,vanilla_coxcc,support,0.6,0.6890140845070423,210.22535211267606
659,vanilla_coxcc,support,0.6,0.6732394366197183,186.42478873239438
660,vanilla_coxph,rr_nl_nph,0.7,0.642,15.499566346988082
661,vanilla_coxph,rr_nl_nph,0.7,0.6355,15.559741591066121
662,vanilla_coxph,rr_nl_nph,0.7,0.643,15.26205447846651
663,vanilla_coxph,rr_nl_nph,0.7,0.6635,15.41880079974234
664,vanilla_coxph,rr_nl_nph,0.7,0.6485,14.938805593386293
665,vanilla_coxph,rr_nl_nph,0.7,0.6405,15.442324592128395
666,vanilla_coxph,rr_nl_nph,0.7,0.6395,15.73870703136921
667,vanilla_coxph,rr_nl_nph,0.7,0.6455,15.089315523222089
668,vanilla_coxph,rr_nl_nph,0.7,0.6285,15.475069432675838
669,vanilla_coxph,rr_nl_nph,0.7,0.644,15.221074067801236
670,vanilla_coxph,metabric,0.7,0.863517060367454,232.33062233511856
671,vanilla_coxph,metabric,0.7,0.9343832020997376,248.372267555377
672,vanilla_coxph,metabric,0.7,0.9133858267716536,246.02309882697548
673,vanilla_coxph,metabric,0.7,0.9028871391076115,242.64094519427442
674,vanilla_coxph,metabric,0.7,0.9186351706036745,237.88215380891415
675,vanilla_coxph,metabric,0.7,0.847769028871391,224.68670147673038
676,vanilla_coxph,metabric,0.7,0.8766404199475065,228.85800619450768
677,vanilla_coxph,metabric,0.7,0.8740157480314961,229.3814538670337
678,vanilla_coxph,metabric,0.7,0.8740157480314961,230.64462031967685
679,vanilla_coxph,metabric,0.7,0.905511811023622,239.1751541978731
680,vanilla_coxph,support,0.7,0.8647887323943662,1228.8197183098591
681,vanilla_coxph,support,0.7,0.8540845070422535,1180.1684507042253
682,vanilla_coxph,support,0.7,0.8630985915492958,1182.8974647887323
683,vanilla_coxph,support,0.7,0.8630985915492958,1200.1014084507042
684,vanilla_coxph,support,0.7,0.8602816901408451,1207.7611267605635
685,vanilla_coxph,support,0.7,0.8585915492957746,1225.5278873239436
686,vanilla_coxph,support,0.7,0.8591549295774648,1223.1414084507041
687,vanilla_coxph,support,0.7,0.8687323943661972,1221.7695774647887
688,vanilla_coxph,support,0.7,0.8574647887323944,1226.4197183098593
689,vanilla_coxph,support,0.7,0.8529577464788732,1184.652957746479
690,vanilla_coxcc,rr_nl_nph,0.7,0.6515,15.771106191761792
691,vanilla_coxcc,rr_nl_nph,0.7,0.6635,15.891080891117454
692,vanilla_coxcc,rr_nl_nph,0.7,0.651,15.413720507517457
693,vanilla_coxcc,rr_nl_nph,0.7,0.6795,15.744467299833893
694,vanilla_coxcc,rr_nl_nph,0.7,0.6655,15.247377919271589
695,vanilla_coxcc,rr_nl_nph,0.7,0.6675,15.731034876614808
696,vanilla_coxcc,rr_nl_nph,0.7,0.632,15.639734484404325
697,vanilla_coxcc,rr_nl_nph,0.7,0.6575,15.372074859961867
698,vanilla_coxcc,rr_nl_nph,0.7,0.6745,16.110953955247997
699,vanilla_coxcc,rr_nl_nph,0.7,0.656,15.440407329782843
700,vanilla_coxcc,metabric,0.7,0.8818897637795275,234.08486479911903
701,vanilla_coxcc,metabric,0.7,0.952755905511811,245.42222364931283
702,vanilla_coxcc,metabric,0.7,0.9238845144356955,245.87060450756644
703,vanilla_coxcc,metabric,0.7,0.9002624671916011,243.59606398935392
704,vanilla_coxcc,metabric,0.7,0.916010498687664,236.672442352365
705,vanilla_coxcc,metabric,0.7,0.847769028871391,230.69282605829514
706,vanilla_coxcc,metabric,0.7,0.8661417322834646,230.0672800059081
707,vanilla_coxcc,metabric,0.7,0.8766404199475065,231.96246830497202
708,vanilla_coxcc,metabric,0.7,0.8661417322834646,227.77856561455513
709,vanilla_coxcc,metabric,0.7,0.910761154855643,238.95870621248181
710,vanilla_coxcc,support,0.7,0.8687323943661972,749.5718309859155
711,vanilla_coxcc,support,0.7,0.8523943661971831,705.4157746478874
712,vanilla_coxcc,support,0.7,0.851830985915493,684.1312676056338
713,vanilla_coxcc,support,0.7,0.8557746478873239,711.3194366197183
714,vanilla_coxcc,support,0.7,0.8670422535211267,757.0732394366197
715,vanilla_coxcc,support,0.7,0.8557746478873239,744.1667605633803
716,vanilla_coxcc,support,0.7,0.859718309859155,718.5171830985915
717,vanilla_coxcc,support,0.7,0.872112676056338,764.8
718,vanilla_coxcc,support,0.7,0.8636619718309859,754.3498591549296
719,vanilla_coxcc,support,0.7,0.8535211267605634,721.1622535211268
720,vanilla_coxph,rr_nl_nph,0.8,0.73,16.763637882381676
721,vanilla_coxph,rr_nl_nph,0.8,0.7245,17.011981731563807
722,vanilla_coxph,rr_nl_nph,0.8,0.734,16.515815358787776
723,vanilla_coxph,rr_nl_nph,0.8,0.7505,16.889865910217164
724,vanilla_coxph,rr_nl_nph,0.8,0.7415,16.424364050030707
725,vanilla_coxph,rr_nl_nph,0.8,0.7385,16.68653204214573
726,vanilla_coxph,rr_nl_nph,0.8,0.713,16.839718061968686
727,vanilla_coxph,rr_nl_nph,0.8,0.7265,16.614190995052457
728,vanilla_coxph,rr_nl_nph,0.8,0.7345,16.982344367325307
729,vanilla_coxph,rr_nl_nph,0.8,0.7265,16.451007538303735
730,vanilla_coxph,metabric,0.8,0.9606299212598425,274.787228842107
731,vanilla_coxph,metabric,0.8,0.973753280839895,293.0440094114289
732,vanilla_coxph,metabric,0.8,0.9868766404199475,284.5895040617214
733,vanilla_coxph,metabric,0.8,0.9763779527559056,296.696064686212
734,vanilla_coxph,metabric,0.8,0.979002624671916,282.87892012833925
735,vanilla_coxph,metabric,0.8,0.9422572178477691,272.4975502034185
736,vanilla_coxph,metabric,0.8,0.9658792650918635,270.147686775588
737,vanilla_coxph,metabric,0.8,0.9658792650918635,279.9122505488358
738,vanilla_coxph,metabric,0.8,0.963254593175853,278.35573263493734
739,vanilla_coxph,metabric,0.8,0.973753280839895,288.627561634294
740,vanilla_coxph,support,0.8,0.9926760563380281,1928.3571830985916
741,vanilla_coxph,support,0.8,0.984225352112676,1900.9740845070423
742,vanilla_coxph,support,0.8,0.9707042253521126,1834.5774647887324
743,vanilla_coxph,support,0.8,0.9864788732394366,1921.7121126760564
744,vanilla_coxph,support,0.8,0.9847887323943662,1893.5684507042254
745,vanilla_coxph,support,0.8,0.9847887323943662,1919.4828169014083
746,vanilla_coxph,support,0.8,0.979718309859155,1897.0766197183098
747,vanilla_coxph,support,0.8,0.9819718309859155,1890.4107042253522
748,vanilla_coxph,support,0.8,0.9836619718309859,1874.4670422535212
749,vanilla_coxph,support,0.8,0.9752112676056338,1861.634366197183
750,vanilla_coxcc,rr_nl_nph,0.8,0.7405,17.151224634066224
751,vanilla_coxcc,rr_nl_nph,0.8,0.734,17.153139735072852
752,vanilla_coxcc,rr_nl_nph,0.8,0.741,16.965930133506657
753,vanilla_coxcc,rr_nl_nph,0.8,0.7575,17.193784067511558
754,vanilla_coxcc,rr_nl_nph,0.8,0.757,17.12038909955323
755,vanilla_coxcc,rr_nl_nph,0.8,0.751,17.140372931078076
756,vanilla_coxcc,rr_nl_nph,0.8,0.729,17.132696754366158
757,vanilla_coxcc,rr_nl_nph,0.8,0.738,16.798872688889503
758,vanilla_coxcc,rr_nl_nph,0.8,0.747,17.431766003653408
759,vanilla_coxcc,rr_nl_nph,0.8,0.747,16.91607846197486
760,vanilla_coxcc,metabric,0.8,0.9606299212598425,276.1666664664201
761,vanilla_coxcc,metabric,0.8,0.9763779527559056,288.8790050216234
762,vanilla_coxcc,metabric,0.8,0.9816272965879265,282.2300104096219
763,vanilla_coxcc,metabric,0.8,0.963254593175853,293.1795301862902
764,vanilla_coxcc,metabric,0.8,0.9816272965879265,280.56693349923364
765,vanilla_coxcc,metabric,0.8,0.9448818897637795,269.517933722869
766,vanilla_coxcc,metabric,0.8,0.9658792650918635,271.6603712347236
767,vanilla_coxcc,metabric,0.8,0.9553805774278216,283.32764869349523
768,vanilla_coxcc,metabric,0.8,0.963254593175853,270.1907280548977
769,vanilla_coxcc,metabric,0.8,0.979002624671916,291.29107856249874
770,vanilla_coxcc,support,0.8,0.9881690140845071,1413.916056338028
771,vanilla_coxcc,support,0.8,0.9729577464788732,1378.032676056338
772,vanilla_coxcc,support,0.8,0.9633802816901409,1313.347042253521
773,vanilla_coxcc,support,0.8,0.9774647887323944,1393.2129577464789
774,vanilla_coxcc,support,0.8,0.9881690140845071,1459.338028169014
775,vanilla_coxcc,support,0.8,0.9735211267605633,1368.7842253521126
776,vanilla_coxcc,support,0.8,0.976338028169014,1387.9081690140845
777,vanilla_coxcc,support,0.8,0.9853521126760564,1427.9481690140844
778,vanilla_coxcc,support,0.8,0.9746478873239437,1355.4230985915492
779,vanilla_coxcc,support,0.8,0.9898591549295774,1452.7492957746479
780,vanilla_coxph,rr_nl_nph,0.9,0.801,18.533830016091464
781,vanilla_coxph,rr_nl_nph,0.9,0.7965,18.60200831194222
782,vanilla_coxph,rr_nl_nph,0.9,0.797,18.441127773344515
783,vanilla_coxph,rr_nl_nph,0.9,0.813,18.609216484725476
784,vanilla_coxph,rr_nl_nph,0.9,0.8055,18.06490986478329
785,vanilla_coxph,rr_nl_nph,0.9,0.8075,18.299556124955416
786,vanilla_coxph,rr_nl_nph,0.9,0.787,18.54419364580512
787,vanilla_coxph,rr_nl_nph,0.9,0.796,18.202308075815438
788,vanilla_coxph,rr_nl_nph,0.9,0.802,18.471512658506633
789,vanilla_coxph,rr_nl_nph,0.9,0.793,18.2040638320446
790,vanilla_coxph,metabric,0.9,0.9973753280839895,328.906916460653
791,vanilla_coxph,metabric,0.9,0.994750656167979,337.96877475047677
792,vanilla_coxph,metabric,0.9,1.0,321.78740453845245
793,vanilla_coxph,metabric,0.9,1.0,337.5869679688782
794,vanilla_coxph,metabric,0.9,1.0,338.6975599273922
795,vanilla_coxph,metabric,0.9,0.9711286089238845,323.1971130371094
796,vanilla_coxph,metabric,0.9,0.9921259842519685,316.1778725851865
797,vanilla_coxph,metabric,0.9,0.994750656167979,329.2870525049725
798,vanilla_coxph,metabric,0.9,0.989501312335958,325.3382342881731
799,vanilla_coxph,metabric,0.9,0.994750656167979,336.83701254376587
800,vanilla_coxph,support,0.9,1.0,2029.0
801,vanilla_coxph,support,0.9,1.0,2029.0
802,vanilla_coxph,support,0.9,1.0,2029.0
803,vanilla_coxph,support,0.9,1.0,2028.8095774647888
804,vanilla_coxph,support,0.9,1.0,2029.0
805,vanilla_coxph,support,0.9,1.0,2028.867605633803
806,vanilla_coxph,support,0.9,1.0,2029.0
807,vanilla_coxph,support,0.9,1.0,2029.0
808,vanilla_coxph,support,0.9,1.0,2028.4901408450705
809,vanilla_coxph,support,0.9,1.0,2028.807323943662
810,vanilla_coxcc,rr_nl_nph,0.9,0.7985,18.774079091012478
811,vanilla_coxcc,rr_nl_nph,0.9,0.799,18.943379243314265
812,vanilla_coxcc,rr_nl_nph,0.9,0.8055,18.778073593378068
813,vanilla_coxcc,rr_nl_nph,0.9,0.817,18.987939199984073
814,vanilla_coxcc,rr_nl_nph,0.9,0.812,18.477459891438485
815,vanilla_coxcc,rr_nl_nph,0.9,0.8095,18.895396705538033
816,vanilla_coxcc,rr_nl_nph,0.9,0.7875,19.01024666801095
817,vanilla_coxcc,rr_nl_nph,0.9,0.7965,18.576383430808782
818,vanilla_coxcc,rr_nl_nph,0.9,0.806,19.09214779636264
819,vanilla_coxcc,rr_nl_nph,0.9,0.7955,18.505545792758465
820,vanilla_coxcc,metabric,0.9,0.9868766404199475,324.28547996861414
821,vanilla_coxcc,metabric,0.9,0.9921259842519685,333.7320292315145
822,vanilla_coxcc,metabric,0.9,0.9973753280839895,320.1955404446859
823,vanilla_coxcc,metabric,0.9,1.0,336.46185731262045
824,vanilla_coxcc,metabric,0.9,0.9921259842519685,333.6036837520249
825,vanilla_coxcc,metabric,0.9,0.9921259842519685,325.80481317475085
826,vanilla_coxcc,metabric,0.9,0.989501312335958,312.3479507726634
827,vanilla_coxcc,metabric,0.9,0.994750656167979,329.81837379275345
828,vanilla_coxcc,metabric,0.9,0.9973753280839895,329.396852428206
829,vanilla_coxcc,metabric,0.9,0.9973753280839895,337.8525843182261
830,vanilla_coxcc,support,0.9,1.0,1554.2180281690141
831,vanilla_coxcc,support,0.9,1.0,1552.3515492957747
832,vanilla_coxcc,support,0.9,1.0,1551.725633802817
833,vanilla_coxcc,support,0.9,1.0,1558.1774647887323
834,vanilla_coxcc,support,0.9,1.0,1568.452957746479
835,vanilla_coxcc,support,0.9,1.0,1545.2676056338028
836,vanilla_coxcc,support,0.9,1.0,1536.381971830986
837,vanilla_coxcc,support,0.9,1.0,1560.6118309859155
838,vanilla_coxcc,support,0.9,1.0,1556.91661971831
839,vanilla_coxcc,support,0.9,1.0,1542.0191549295776
840,vanilla_coxph,rr_nl_nph,0.95,0.824,19.549201310396196
841,vanilla_coxph,rr_nl_nph,0.95,0.824,19.850543780714272
842,vanilla_coxph,rr_nl_nph,0.95,0.822,19.42892621552944
843,vanilla_coxph,rr_nl_nph,0.95,0.839,20.020359946668147
844,vanilla_coxph,rr_nl_nph,0.95,0.833,19.392690514862537
845,vanilla_coxph,rr_nl_nph,0.95,0.836,19.742131200373173
846,vanilla_coxph,rr_nl_nph,0.95,0.812,19.80300005096197
847,vanilla_coxph,rr_nl_nph,0.95,0.827,19.373145937711
848,vanilla_coxph,rr_nl_nph,0.95,0.83,19.824489859819412
849,vanilla_coxph,rr_nl_nph,0.95,0.8215,19.531056040614843
850,vanilla_coxph,metabric,0.95,0.9973753280839895,341.1749809044866
851,vanilla_coxph,metabric,0.95,0.9973753280839895,349.4709642465346
852,vanilla_coxph,metabric,0.95,0.9973753280839895,333.4982483871379
853,vanilla_coxph,metabric,0.95,1.0,351.72905460868293
854,vanilla_coxph,metabric,0.95,0.994750656167979,352.9008866169947
855,vanilla_coxph,metabric,0.95,0.9921259842519685,341.2535432430077
856,vanilla_coxph,metabric,0.95,0.994750656167979,337.0800600227096
857,vanilla_coxph,metabric,0.95,0.994750656167979,336.1434768316314
858,vanilla_coxph,metabric,0.95,0.9973753280839895,347.43351469265195
859,vanilla_coxph,metabric,0.95,1.0,351.3169805171296
860,vanilla_coxph,support,0.95,1.0,2029.0
861,vanilla_coxph,support,0.95,1.0,2029.0
862,vanilla_coxph,support,0.95,1.0,2029.0
863,vanilla_coxph,support,0.95,1.0,2029.0
864,vanilla_coxph,support,0.95,1.0,2029.0
865,vanilla_coxph,support,0.95,1.0,2029.0
866,vanilla_coxph,support,0.95,1.0,2029.0
867,vanilla_coxph,support,0.95,1.0,2029.0
868,vanilla_coxph,support,0.95,1.0,2029.0
869,vanilla_coxph,support,0.95,1.0,2029.0
870,vanilla_coxcc,rr_nl_nph,0.95,0.8265,20.126920627951623
871,vanilla_coxcc,rr_nl_nph,0.95,0.8255,20.335374234080316
872,vanilla_coxcc,rr_nl_nph,0.95,0.826,19.786292377769946
873,vanilla_coxcc,rr_nl_nph,0.95,0.84,20.524105040550232
874,vanilla_coxcc,rr_nl_nph,0.95,0.831,20.20506561022997
875,vanilla_coxcc,rr_nl_nph,0.95,0.838,20.170377630203962
876,vanilla_coxcc,rr_nl_nph,0.95,0.813,20.330774244368076
877,vanilla_coxcc,rr_nl_nph,0.95,0.8275,19.712565744817258
878,vanilla_coxcc,rr_nl_nph,0.95,0.831,20.250179595828055
879,vanilla_coxcc,rr_nl_nph,0.95,0.8215,20.269965779840945
880,vanilla_coxcc,metabric,0.95,0.9973753280839895,342.5134749124682
881,vanilla_coxcc,metabric,0.95,0.9973753280839895,348.90464730650734
882,vanilla_coxcc,metabric,0.95,1.0,331.22361867509176
883,vanilla_coxcc,metabric,0.95,1.0,352.81181964223464
884,vanilla_coxcc,metabric,0.95,0.9973753280839895,348.84314357327037
885,vanilla_coxcc,metabric,0.95,0.9973753280839895,349.613998292938
886,vanilla_coxcc,metabric,0.95,1.0,337.65565062194986
887,vanilla_coxcc,metabric,0.95,0.994750656167979,335.6123319210343
888,vanilla_coxcc,metabric,0.95,0.9921259842519685,344.422841269826
889,vanilla_coxcc,metabric,0.95,0.9973753280839895,350.96186307972187
890,vanilla_coxcc,support,0.95,1.0,1554.2180281690141
891,vanilla_coxcc,support,0.95,1.0,1552.3515492957747
892,vanilla_coxcc,support,0.95,1.0,1551.725633802817
893,vanilla_coxcc,support,0.95,1.0,1559.8354929577465
894,vanilla_coxcc,support,0.95,1.0,1568.7081690140844
895,vanilla_coxcc,support,0.95,1.0,1545.2676056338028
896,vanilla_coxcc,support,0.95,1.0,1536.381971830986
897,vanilla_coxcc,support,0.95,1.0,1562.407323943662
898,vanilla_coxcc,support,0.95,1.0,1560.1825352112676
899,vanilla_coxcc,support,0.95,1.0,1542.1588732394366
900,cox_ph_alg_1_unewighted,rr_nl_nph,0.6,0.7146000000000001,10.862496544789916
901,cox_ph_alg_1_unewighted,rr_nl_nph,0.6,0.6194,8.562806544789915
902,cox_ph_alg_1_unewighted,rr_nl_nph,0.6,0.5089,5.913126544789915
903,cox_ph_alg_1_unewighted,rr_nl_nph,0.6,0.5296000000000001,6.491796544789915
904,cox_ph_alg_1_unewighted,rr_nl_nph,0.6,0.5366000000000001,7.208846544789915
905,cox_ph_alg_1_unewighted,rr_nl_nph,0.6,0.5813,7.505116544789913
906,cox_ph_alg_1_unewighted,rr_nl_nph,0.6,0.5469,8.206886544789915
907,cox_ph_alg_1_unewighted,rr_nl_nph,0.6,0.49579999999999996,6.692576544789913
908,cox_ph_alg_1_unewighted,rr_nl_nph,0.6,0.5422999999999999,7.179816544789914
909,cox_ph_alg_1_unewighted,rr_nl_nph,0.6,0.5036,6.4495865447899146
910,cox_ph_alg_2_unewighted,rr_nl_nph,0.6,0.7097999999999999,10.707731245117188
911,cox_ph_alg_2_unewighted,rr_nl_nph,0.6,0.7245,11.261563736572263
912,cox_ph_alg_2_unewighted,rr_nl_nph,0.6,0.5216,6.198042775115968
913,cox_ph_alg_2_unewighted,rr_nl_nph,0.6,0.6076,8.361181006317137
914,cox_ph_alg_2_unewighted,rr_nl_nph,0.6,0.5709,7.869183250122072
915,cox_ph_alg_2_unewighted,rr_nl_nph,0.6,0.6101000000000001,8.25675898284912
916,cox_ph_alg_2_unewighted,rr_nl_nph,0.6,0.5690999999999999,8.702442824096678
917,cox_ph_alg_2_unewighted,rr_nl_nph,0.6,0.5197,7.478348888549805
918,cox_ph_alg_2_unewighted,rr_nl_nph,0.6,0.6169000000000001,8.419501051330565
919,cox_ph_alg_2_unewighted,rr_nl_nph,0.6,0.5507,7.603464109344483
920,cox_cc_alg_1_unewighted,rr_nl_nph,0.6,0.7371000000000001,12.050126544789913
921,cox_cc_alg_1_unewighted,rr_nl_nph,0.6,0.7058999999999999,10.488056544789918
922,cox_cc_alg_1_unewighted,rr_nl_nph,0.6,0.5052000000000001,5.971366544789913
923,cox_cc_alg_1_unewighted,rr_nl_nph,0.6,0.5396,6.734816544789915
924,cox_cc_alg_1_unewighted,rr_nl_nph,0.6,0.3492,3.585856544789914
925,cox_cc_alg_1_unewighted,rr_nl_nph,0.6,0.6456999999999999,9.963886544789913
926,cox_cc_alg_1_unewighted,rr_nl_nph,0.6,0.4212999999999999,4.974076544789915
927,cox_cc_alg_1_unewighted,rr_nl_nph,0.6,0.45990000000000003,6.022336544789914
928,cox_cc_alg_1_unewighted,rr_nl_nph,0.6,0.4125,5.283086544789914
929,cox_cc_alg_1_unewighted,rr_nl_nph,0.6,0.5276000000000001,6.714816544789914
930,cox_cc_alg_2_unewighted,rr_nl_nph,0.6,0.7326,11.838612294635773
931,cox_cc_alg_2_unewighted,rr_nl_nph,0.6,0.7473000000000001,12.346874046936033
932,cox_cc_alg_2_unewighted,rr_nl_nph,0.6,0.5443,6.570393149566651
933,cox_cc_alg_2_unewighted,rr_nl_nph,0.6,0.5698000000000001,7.729615892791749
934,cox_cc_alg_2_unewighted,rr_nl_nph,0.6,0.4040000000000001,4.548053105773926
935,cox_cc_alg_2_unewighted,rr_nl_nph,0.6,0.6667999999999998,10.741923159332273
936,cox_cc_alg_2_unewighted,rr_nl_nph,0.6,0.45210000000000006,5.768695934448243
937,cox_cc_alg_2_unewighted,rr_nl_nph,0.6,0.5251,7.51517647354126
938,cox_cc_alg_2_unewighted,rr_nl_nph,0.6,0.47350000000000003,6.324271276397706
939,cox_cc_alg_2_unewighted,rr_nl_nph,0.6,0.5529,7.334422678375244
940,cox_ph_alg_1_unewighted,metabric,0.6,0.5692708333333333,138.29887499999998
941,cox_ph_alg_1_unewighted,metabric,0.6,0.42604166666666665,109.34202083333334
942,cox_ph_alg_1_unewighted,metabric,0.6,0.5414583333333334,131.1951875
943,cox_ph_alg_1_unewighted,metabric,0.6,0.30968749999999995,64.44432291666668
944,cox_ph_alg_1_unewighted,metabric,0.6,0.4517708333333334,114.81713541666666
945,cox_ph_alg_1_unewighted,metabric,0.6,0.5679166666666666,127.93398958333334
946,cox_ph_alg_1_unewighted,metabric,0.6,0.624375,143.66107291666668
947,cox_ph_alg_1_unewighted,metabric,0.6,0.4336458333333333,109.51861458333333
948,cox_ph_alg_1_unewighted,metabric,0.6,0.4895833333333333,107.96106250000001
949,cox_ph_alg_1_unewighted,metabric,0.6,0.5086458333333334,114.9869375
950,cox_ph_alg_2_unewighted,metabric,0.6,0.5489583333333333,130.4988734741211
951,cox_ph_alg_2_unewighted,metabric,0.6,0.5367708333333333,138.1753582356771
952,cox_ph_alg_2_unewighted,metabric,0.6,0.6208333333333333,164.6951936035156
953,cox_ph_alg_2_unewighted,metabric,0.6,0.3728125,75.11098856608074
954,cox_ph_alg_2_unewighted,metabric,0.6,0.5245833333333334,142.58380106608072
955,cox_ph_alg_2_unewighted,metabric,0.6,0.6684375,164.3006552327474
956,cox_ph_alg_2_unewighted,metabric,0.6,0.6965625000000001,170.22773551432292
957,cox_ph_alg_2_unewighted,metabric,0.6,0.6004166666666667,137.38528328450522
958,cox_ph_alg_2_unewighted,metabric,0.6,0.6428124999999999,152.82773425292967
959,cox_ph_alg_2_unewighted,metabric,0.6,0.5771875,126.85360314941407
960,cox_cc_alg_1_unewighted,metabric,0.6,0.5284375,126.19581249999999
961,cox_cc_alg_1_unewighted,metabric,0.6,0.4109375,106.14852083333335
962,cox_cc_alg_1_unewighted,metabric,0.6,0.5819791666666666,142.88761458333335
963,cox_cc_alg_1_unewighted,metabric,0.6,0.5723958333333333,119.08563541666666
964,cox_cc_alg_1_unewighted,metabric,0.6,0.31093750000000003,89.03254166666666
965,cox_cc_alg_1_unewighted,metabric,0.6,0.5675,129.95779166666668
966,cox_cc_alg_1_unewighted,metabric,0.6,0.5725,129.94571875
967,cox_cc_alg_1_unewighted,metabric,0.6,0.4769791666666667,111.77510416666668
968,cox_cc_alg_1_unewighted,metabric,0.6,0.5290625,120.99853125
969,cox_cc_alg_1_unewighted,metabric,0.6,0.6496875000000001,152.48579166666667
970,cox_cc_alg_2_unewighted,metabric,0.6,0.5054166666666666,118.7291460876465
971,cox_cc_alg_2_unewighted,metabric,0.6,0.55,142.41518648274737
972,cox_cc_alg_2_unewighted,metabric,0.6,0.7079166666666666,184.82094893391925
973,cox_cc_alg_2_unewighted,metabric,0.6,0.6282291666666667,126.65230411783853
974,cox_cc_alg_2_unewighted,metabric,0.6,0.47208333333333335,122.89920426432293
975,cox_cc_alg_2_unewighted,metabric,0.6,0.6887500000000001,172.1577886149088
976,cox_cc_alg_2_unewighted,metabric,0.6,0.6435416666666667,153.91238134765624
977,cox_cc_alg_2_unewighted,metabric,0.6,0.6184375000000001,140.04177134195962
978,cox_cc_alg_2_unewighted,metabric,0.6,0.6835416666666667,160.19853735351563
979,cox_cc_alg_2_unewighted,metabric,0.6,0.6713541666666667,159.48579471842447
980,cox_ph_alg_1_unewighted,support,0.6,0.5561,342.9872999999999
981,cox_ph_alg_1_unewighted,support,0.6,0.40049999999999997,93.59570000000004
982,cox_ph_alg_1_unewighted,support,0.6,0.3958,116.3391
983,cox_ph_alg_1_unewighted,support,0.6,0.39289999999999997,100.17069999999998
984,cox_ph_alg_1_unewighted,support,0.6,0.46819999999999995,136.4602
985,cox_ph_alg_1_unewighted,support,0.6,0.4252000000000001,114.5391
986,cox_ph_alg_1_unewighted,support,0.6,0.39339999999999997,105.271
987,cox_ph_alg_1_unewighted,support,0.6,0.3741999999999999,87.80000000000004
988,cox_ph_alg_1_unewighted,support,0.6,0.4189,130.05370000000002
989,cox_ph_alg_1_unewighted,support,0.6,0.3924,112.50630000000001
990,cox_ph_alg_2_unewighted,support,0.6,0.6201000000000001,467.2872999999999
991,cox_ph_alg_2_unewighted,support,0.6,0.6137999999999999,435.49569999999994
992,cox_ph_alg_2_unewighted,support,0.6,0.622,469.2391
993,cox_ph_alg_2_unewighted,support,0.6,0.5537,388.07069999999993
994,cox_ph_alg_2_unewighted,support,0.6,0.6563,428.36019999999996
995,cox_ph_alg_2_unewighted,support,0.6,0.6612,523.4390999999999
996,cox_ph_alg_2_unewighted,support,0.6,0.6065,476.17100000000005
997,cox_ph_alg_2_unewighted,support,0.6,0.5927,450.69999999999993
998,cox_ph_alg_2_unewighted,support,0.6,0.5989,423.9537
999,cox_ph_alg_2_unewighted,support,0.6,0.5666,412.40630000000004
1000,cox_cc_alg_1_unewighted,support,0.6,0.4443000000000001,136.56289999999998
1001,cox_cc_alg_1_unewighted,support,0.6,0.4457000000000001,122.4065
1002,cox_cc_alg_1_unewighted,support,0.6,0.30469999999999997,46.54100000000001
1003,cox_cc_alg_1_unewighted,support,0.6,0.30950000000000005,42.90420000000001
1004,cox_cc_alg_1_unewighted,support,0.6,0.27940000000000004,24.982299999999995
1005,cox_cc_alg_1_unewighted,support,0.6,0.4337,124.30179999999997
1006,cox_cc_alg_1_unewighted,support,0.6,0.417,112.3784
1007,cox_cc_alg_1_unewighted,support,0.6,0.3559999999999999,89.48045000000002
1008,cox_cc_alg_1_unewighted,support,0.6,0.4182,111.2533
1009,cox_cc_alg_1_unewighted,support,0.6,0.4121999999999999,117.73769999999999
1010,cox_cc_alg_2_unewighted,support,0.6,0.5356,303.4629
1011,cox_cc_alg_2_unewighted,support,0.6,0.632,466.3065
1012,cox_cc_alg_2_unewighted,support,0.6,0.5989,424.44100000000003
1013,cox_cc_alg_2_unewighted,support,0.6,0.5256000000000001,357.80420000000004
1014,cox_cc_alg_2_unewighted,support,0.6,0.5996,343.8823
1015,cox_cc_alg_2_unewighted,support,0.6,0.6732999999999998,519.2018
1016,cox_cc_alg_2_unewighted,support,0.6,0.6011,477.2784
1017,cox_cc_alg_2_unewighted,support,0.6,0.5717,437.38045
1018,cox_cc_alg_2_unewighted,support,0.6,0.5923999999999999,407.15329999999994
1019,cox_cc_alg_2_unewighted,support,0.6,0.5711999999999999,407.6377
1020,cox_ph_alg_1_unewighted,rr_nl_nph,0.7,0.6638999999999998,9.729686544789914
1021,cox_ph_alg_1_unewighted,rr_nl_nph,0.7,0.6516,9.282726544789915
1022,cox_ph_alg_1_unewighted,rr_nl_nph,0.7,0.6850999999999999,9.639746544789915
1023,cox_ph_alg_1_unewighted,rr_nl_nph,0.7,0.6656,10.088946544789916
1024,cox_ph_alg_1_unewighted,rr_nl_nph,0.7,0.6263,9.211476544789916
1025,cox_ph_alg_1_unewighted,rr_nl_nph,0.7,0.633,9.650846544789916
1026,cox_ph_alg_1_unewighted,rr_nl_nph,0.7,0.6366999999999998,10.285136544789914
1027,cox_ph_alg_1_unewighted,rr_nl_nph,0.7,0.5909,8.894706544789916
1028,cox_ph_alg_1_unewighted,rr_nl_nph,0.7,0.6677999999999998,9.813246544789914
1029,cox_ph_alg_1_unewighted,rr_nl_nph,0.7,0.6152000000000001,9.569386544789916
1030,cox_ph_alg_2_unewighted,rr_nl_nph,0.7,0.7169999999999999,11.456570834655762
1031,cox_ph_alg_2_unewighted,rr_nl_nph,0.7,0.7388000000000002,12.39251469665527
1032,cox_ph_alg_2_unewighted,rr_nl_nph,0.7,0.7077000000000001,10.847366613464356
1033,cox_ph_alg_2_unewighted,rr_nl_nph,0.7,0.7051999999999999,11.514333947448732
1034,cox_ph_alg_2_unewighted,rr_nl_nph,0.7,0.6740999999999999,10.619979715881351
1035,cox_ph_alg_2_unewighted,rr_nl_nph,0.7,0.6975,11.607046020202636
1036,cox_ph_alg_2_unewighted,rr_nl_nph,0.7,0.6778,11.466789396972658
1037,cox_ph_alg_2_unewighted,rr_nl_nph,0.7,0.6648,10.97215273956299
1038,cox_ph_alg_2_unewighted,rr_nl_nph,0.7,0.7053999999999999,11.332352857666015
1039,cox_ph_alg_2_unewighted,rr_nl_nph,0.7,0.6558999999999999,10.513998686523435
1040,cox_cc_alg_1_unewighted,rr_nl_nph,0.7,0.7326,12.022196544789914
1041,cox_cc_alg_1_unewighted,rr_nl_nph,0.7,0.5333,6.916596544789915
1042,cox_cc_alg_1_unewighted,rr_nl_nph,0.7,0.6927000000000001,10.421736544789916
1043,cox_cc_alg_1_unewighted,rr_nl_nph,0.7,0.7137999999999998,11.823376544789914
1044,cox_cc_alg_1_unewighted,rr_nl_nph,0.7,0.6949000000000001,10.742606544789915
1045,cox_cc_alg_1_unewighted,rr_nl_nph,0.7,0.6381,9.499666544789914
1046,cox_cc_alg_1_unewighted,rr_nl_nph,0.7,0.6713999999999999,10.822246544789914
1047,cox_cc_alg_1_unewighted,rr_nl_nph,0.7,0.5898,8.768436544789914
1048,cox_cc_alg_1_unewighted,rr_nl_nph,0.7,0.7304,11.932616544789912
1049,cox_cc_alg_1_unewighted,rr_nl_nph,0.7,0.6030000000000001,8.873436544789914
1050,cox_cc_alg_2_unewighted,rr_nl_nph,0.7,0.7478999999999999,13.169616303710937
1051,cox_cc_alg_2_unewighted,rr_nl_nph,0.7,0.6869,9.926384696655271
1052,cox_cc_alg_2_unewighted,rr_nl_nph,0.7,0.7245000000000001,11.609791412658694
1053,cox_cc_alg_2_unewighted,rr_nl_nph,0.7,0.7414000000000002,13.021731095275879
1054,cox_cc_alg_2_unewighted,rr_nl_nph,0.7,0.7208999999999999,12.441678258361815
1055,cox_cc_alg_2_unewighted,rr_nl_nph,0.7,0.6693000000000001,11.108164756774904
1056,cox_cc_alg_2_unewighted,rr_nl_nph,0.7,0.6964,12.300286878662106
1057,cox_cc_alg_2_unewighted,rr_nl_nph,0.7,0.6632000000000001,11.149101390380856
1058,cox_cc_alg_2_unewighted,rr_nl_nph,0.7,0.7642,13.629054400634766
1059,cox_cc_alg_2_unewighted,rr_nl_nph,0.7,0.6411,10.00327252532959
1060,cox_ph_alg_1_unewighted,metabric,0.7,0.6179166666666667,154.42521875
1061,cox_ph_alg_1_unewighted,metabric,0.7,0.5820833333333333,149.71076041666666
1062,cox_ph_alg_1_unewighted,metabric,0.7,0.5522916666666667,138.1461666666667
1063,cox_ph_alg_1_unewighted,metabric,0.7,0.7719791666666665,161.23275000000004
1064,cox_ph_alg_1_unewighted,metabric,0.7,0.5145833333333333,137.58607291666667
1065,cox_ph_alg_1_unewighted,metabric,0.7,0.6276041666666666,146.86526041666667
1066,cox_ph_alg_1_unewighted,metabric,0.7,0.6134375,142.64345833333334
1067,cox_ph_alg_1_unewighted,metabric,0.7,0.6584375,148.76569791666668
1068,cox_ph_alg_1_unewighted,metabric,0.7,0.5916666666666667,129.94839583333334
1069,cox_ph_alg_1_unewighted,metabric,0.7,0.5998958333333333,136.17502083333335
1070,cox_ph_alg_2_unewighted,metabric,0.7,0.7319791666666667,186.72521264648444
1071,cox_ph_alg_2_unewighted,metabric,0.7,0.7019791666666665,168.77742301432292
1072,cox_ph_alg_2_unewighted,metabric,0.7,0.7063541666666667,188.24616056315105
1073,cox_ph_alg_2_unewighted,metabric,0.7,0.7592708333333332,157.86608344459538
1074,cox_ph_alg_2_unewighted,metabric,0.7,0.7794791666666666,184.38607291666665
1075,cox_ph_alg_2_unewighted,metabric,0.7,0.7404166666666666,193.03192301432296
1076,cox_ph_alg_2_unewighted,metabric,0.7,0.7161458333333334,186.5767957356771
1077,cox_ph_alg_2_unewighted,metabric,0.7,0.6680208333333333,160.26569181315105
1078,cox_ph_alg_2_unewighted,metabric,0.7,0.7653125,187.48173018391927
1079,cox_ph_alg_2_unewighted,metabric,0.7,0.6605208333333333,159.67502388509115
1080,cox_cc_alg_1_unewighted,metabric,0.7,0.5056250000000001,119.49834375
1081,cox_cc_alg_1_unewighted,metabric,0.7,0.49739583333333326,127.72018750000001
1082,cox_cc_alg_1_unewighted,metabric,0.7,0.5704166666666667,148.74226041666668
1083,cox_cc_alg_1_unewighted,metabric,0.7,0.7788541666666666,162.19260416666668
1084,cox_cc_alg_1_unewighted,metabric,0.7,0.5596875,150.01694791666668
1085,cox_cc_alg_1_unewighted,metabric,0.7,0.6076041666666666,143.995
1086,cox_cc_alg_1_unewighted,metabric,0.7,0.6454166666666666,150.87921875
1087,cox_cc_alg_1_unewighted,metabric,0.7,0.6072916666666667,140.38864583333336
1088,cox_cc_alg_1_unewighted,metabric,0.7,0.6841666666666666,164.4472604166667
1089,cox_cc_alg_1_unewighted,metabric,0.7,0.5880208333333333,125.95340625000001
1090,cox_cc_alg_2_unewighted,metabric,0.7,0.6088541666666667,138.4650124511719
1091,cox_cc_alg_2_unewighted,metabric,0.7,0.5578124999999999,140.85352795410157
1092,cox_cc_alg_2_unewighted,metabric,0.7,0.7391666666666667,194.40892911783854
1093,cox_cc_alg_2_unewighted,metabric,0.7,0.7585416666666666,158.85926981608074
1094,cox_cc_alg_2_unewighted,metabric,0.7,0.8321874999999999,198.28360746256507
1095,cox_cc_alg_2_unewighted,metabric,0.7,0.7295833333333333,187.0949938964844
1096,cox_cc_alg_2_unewighted,metabric,0.7,0.7610416666666667,198.47922180175783
1097,cox_cc_alg_2_unewighted,metabric,0.7,0.6488541666666666,153.88864278157553
1098,cox_cc_alg_2_unewighted,metabric,0.7,0.8707291666666667,220.54726652018235
1099,cox_cc_alg_2_unewighted,metabric,0.7,0.641875,151.18674670410155
1100,cox_ph_alg_1_unewighted,support,0.7,0.47400000000000003,196.67109999999997
1101,cox_ph_alg_1_unewighted,support,0.7,0.4966,193.54319999999996
1102,cox_ph_alg_1_unewighted,support,0.7,0.46120000000000005,182.74179999999987
1103,cox_ph_alg_1_unewighted,support,0.7,0.45280000000000004,217.99979999999988
1104,cox_ph_alg_1_unewighted,support,0.7,0.5282,220.39249999999993
1105,cox_ph_alg_1_unewighted,support,0.7,0.5087999999999999,224.7968999999999
1106,cox_ph_alg_1_unewighted,support,0.7,0.4406999999999999,169.634
1107,cox_ph_alg_1_unewighted,support,0.7,0.4109,159.96309999999997
1108,cox_ph_alg_1_unewighted,support,0.7,0.4955,199.74239999999995
1109,cox_ph_alg_1_unewighted,support,0.7,0.46669999999999995,211.65399999999988
1110,cox_ph_alg_2_unewighted,support,0.7,0.6924000000000001,616.5711000000001
1111,cox_ph_alg_2_unewighted,support,0.7,0.6991,616.4432
1112,cox_ph_alg_2_unewighted,support,0.7,0.7326999999999998,687.6417999999999
1113,cox_ph_alg_2_unewighted,support,0.7,0.6715000000000001,572.8997999999999
1114,cox_ph_alg_2_unewighted,support,0.7,0.7304999999999999,642.2925
1115,cox_ph_alg_2_unewighted,support,0.7,0.7425,708.6968999999999
1116,cox_ph_alg_2_unewighted,support,0.7,0.7311,743.5340000000001
1117,cox_ph_alg_2_unewighted,support,0.7,0.6797000000000001,651.8631
1118,cox_ph_alg_2_unewighted,support,0.7,0.7047999999999999,675.6424000000001
1119,cox_ph_alg_2_unewighted,support,0.7,0.6855000000000001,635.5539999999999
1120,cox_cc_alg_1_unewighted,support,0.7,0.49890000000000007,214.02479999999989
1121,cox_cc_alg_1_unewighted,support,0.7,0.48479999999999995,204.9168999999999
1122,cox_cc_alg_1_unewighted,support,0.7,0.465,196.48359999999994
1123,cox_cc_alg_1_unewighted,support,0.7,0.4440000000000001,198.76749999999993
1124,cox_cc_alg_1_unewighted,support,0.7,0.5351,225.9645999999999
1125,cox_cc_alg_1_unewighted,support,0.7,0.4897000000000001,212.20809999999992
1126,cox_cc_alg_1_unewighted,support,0.7,0.4617,185.8043999999999
1127,cox_cc_alg_1_unewighted,support,0.7,0.4186000000000001,181.2698999999999
1128,cox_cc_alg_1_unewighted,support,0.7,0.4988,229.36659999999992
1129,cox_cc_alg_1_unewighted,support,0.7,0.46779999999999994,206.02869999999987
1130,cox_cc_alg_2_unewighted,support,0.7,0.6836,618.9248
1131,cox_cc_alg_2_unewighted,support,0.7,0.6914000000000001,613.8169
1132,cox_cc_alg_2_unewighted,support,0.7,0.7317999999999998,694.3836000000001
1133,cox_cc_alg_2_unewighted,support,0.7,0.681,568.6675
1134,cox_cc_alg_2_unewighted,support,0.7,0.7397,657.8646000000001
1135,cox_cc_alg_2_unewighted,support,0.7,0.7314000000000002,684.1080999999999
1136,cox_cc_alg_2_unewighted,support,0.7,0.7301999999999998,734.7044000000001
1137,cox_cc_alg_2_unewighted,support,0.7,0.6916,653.1698999999999
1138,cox_cc_alg_2_unewighted,support,0.7,0.7209,682.2666
1139,cox_cc_alg_2_unewighted,support,0.7,0.6609,610.9287
1140,cox_ph_alg_1_unewighted,rr_nl_nph,0.8,0.7494000000000001,13.439546544789915
1141,cox_ph_alg_1_unewighted,rr_nl_nph,0.8,0.7423000000000001,12.270646544789916
1142,cox_ph_alg_1_unewighted,rr_nl_nph,0.8,0.7521000000000001,12.895616544789917
1143,cox_ph_alg_1_unewighted,rr_nl_nph,0.8,0.7512000000000001,13.797766544789914
1144,cox_ph_alg_1_unewighted,rr_nl_nph,0.8,0.7205999999999999,12.195496544789915
1145,cox_ph_alg_1_unewighted,rr_nl_nph,0.8,0.7262999999999998,12.665856544789914
1146,cox_ph_alg_1_unewighted,rr_nl_nph,0.8,0.7326,13.660806544789915
1147,cox_ph_alg_1_unewighted,rr_nl_nph,0.8,0.6636,11.337076544789916
1148,cox_ph_alg_1_unewighted,rr_nl_nph,0.8,0.7627000000000002,13.446206544789911
1149,cox_ph_alg_1_unewighted,rr_nl_nph,0.8,0.7032999999999998,12.873326544789911
1150,cox_ph_alg_2_unewighted,rr_nl_nph,0.8,0.7844,15.211404589538574
1151,cox_ph_alg_2_unewighted,rr_nl_nph,0.8,0.8200999999999999,16.573673527221683
1152,cox_ph_alg_2_unewighted,rr_nl_nph,0.8,0.8186,15.92416728515625
1153,cox_ph_alg_2_unewighted,rr_nl_nph,0.8,0.7814999999999999,15.093243287658693
1154,cox_ph_alg_2_unewighted,rr_nl_nph,0.8,0.7733000000000001,14.596237569885256
1155,cox_ph_alg_2_unewighted,rr_nl_nph,0.8,0.7964,15.330731213989257
1156,cox_ph_alg_2_unewighted,rr_nl_nph,0.8,0.7704000000000001,15.19816332305908
1157,cox_ph_alg_2_unewighted,rr_nl_nph,0.8,0.7710000000000001,14.626679607543947
1158,cox_ph_alg_2_unewighted,rr_nl_nph,0.8,0.8113000000000001,15.458011145629884
1159,cox_ph_alg_2_unewighted,rr_nl_nph,0.8,0.7582,15.675315357360839
1160,cox_cc_alg_1_unewighted,rr_nl_nph,0.8,0.7500000000000001,13.296586544789916
1161,cox_cc_alg_1_unewighted,rr_nl_nph,0.8,0.7343,12.132036544789917
1162,cox_cc_alg_1_unewighted,rr_nl_nph,0.8,0.7602999999999999,12.654436544789917
1163,cox_cc_alg_1_unewighted,rr_nl_nph,0.8,0.7481,13.802276544789915
1164,cox_cc_alg_1_unewighted,rr_nl_nph,0.8,0.7125,12.383086544789911
1165,cox_cc_alg_1_unewighted,rr_nl_nph,0.8,0.7263999999999998,12.845126544789911
1166,cox_cc_alg_1_unewighted,rr_nl_nph,0.8,0.7314999999999999,13.516306544789911
1167,cox_cc_alg_1_unewighted,rr_nl_nph,0.8,0.6764,11.71701654478991
1168,cox_cc_alg_1_unewighted,rr_nl_nph,0.8,0.7764000000000002,13.437296544789914
1169,cox_cc_alg_1_unewighted,rr_nl_nph,0.8,0.7137,12.273026544789914
1170,cox_cc_alg_2_unewighted,rr_nl_nph,0.8,0.7846,15.206718782348633
1171,cox_cc_alg_2_unewighted,rr_nl_nph,0.8,0.8318999999999999,16.852244923706056
1172,cox_cc_alg_2_unewighted,rr_nl_nph,0.8,0.8103,15.706198955078126
1173,cox_cc_alg_2_unewighted,rr_nl_nph,0.8,0.7801,15.356014205322264
1174,cox_cc_alg_2_unewighted,rr_nl_nph,0.8,0.7805000000000001,14.979341867370604
1175,cox_cc_alg_2_unewighted,rr_nl_nph,0.8,0.7975,15.505468590698243
1176,cox_cc_alg_2_unewighted,rr_nl_nph,0.8,0.7598,14.684351418151858
1177,cox_cc_alg_2_unewighted,rr_nl_nph,0.8,0.7635,14.86352897796631
1178,cox_cc_alg_2_unewighted,rr_nl_nph,0.8,0.802,14.732969363098142
1179,cox_cc_alg_2_unewighted,rr_nl_nph,0.8,0.7722,14.784026244506839
1180,cox_ph_alg_1_unewighted,metabric,0.8,0.8135416666666666,206.99325
1181,cox_ph_alg_1_unewighted,metabric,0.8,0.6805208333333334,171.38363541666672
1182,cox_ph_alg_1_unewighted,metabric,0.8,0.6626041666666667,172.46092708333336
1183,cox_ph_alg_1_unewighted,metabric,0.8,0.8632291666666667,189.70433333333335
1184,cox_ph_alg_1_unewighted,metabric,0.8,0.6521875,170.18730208333335
1185,cox_ph_alg_1_unewighted,metabric,0.8,0.7002083333333333,166.6346354166667
1186,cox_ph_alg_1_unewighted,metabric,0.8,0.6869791666666666,167.73630208333336
1187,cox_ph_alg_1_unewighted,metabric,0.8,0.6906249999999999,166.06305208333336
1188,cox_ph_alg_1_unewighted,metabric,0.8,0.6735416666666666,154.57087500000003
1189,cox_ph_alg_1_unewighted,metabric,0.8,0.6932291666666667,170.11923958333335
1190,cox_ph_alg_2_unewighted,metabric,0.8,0.8135416666666666,205.7265833492279
1191,cox_ph_alg_2_unewighted,metabric,0.8,0.7653125,193.05029801432292
1192,cox_ph_alg_2_unewighted,metabric,0.8,0.7990624999999999,207.72758662923175
1193,cox_ph_alg_2_unewighted,metabric,0.8,0.8632291666666667,186.3376667779287
1194,cox_ph_alg_2_unewighted,metabric,0.8,0.843125,200.92063338216144
1195,cox_ph_alg_2_unewighted,metabric,0.8,0.7939583333333333,211.73463236490886
1196,cox_ph_alg_2_unewighted,metabric,0.8,0.7891666666666666,208.36964253743488
1197,cox_ph_alg_2_unewighted,metabric,0.8,0.7825000000000001,199.16305818684899
1198,cox_ph_alg_2_unewighted,metabric,0.8,0.8707291666666667,218.57086889648437
1199,cox_ph_alg_2_unewighted,metabric,0.8,0.8182291666666667,195.61924263509115
1200,cox_cc_alg_1_unewighted,metabric,0.8,0.8235416666666667,206.28154166666664
1201,cox_cc_alg_1_unewighted,metabric,0.8,0.7863541666666666,194.65189583333336
1202,cox_cc_alg_1_unewighted,metabric,0.8,0.7287500000000001,188.6820416666667
1203,cox_cc_alg_1_unewighted,metabric,0.8,0.8632291666666667,193.43290625
1204,cox_cc_alg_1_unewighted,metabric,0.8,0.6521875,162.66395833333334
1205,cox_cc_alg_1_unewighted,metabric,0.8,0.6272916666666667,152.49180208333334
1206,cox_cc_alg_1_unewighted,metabric,0.8,0.7367708333333334,190.35193750000008
1207,cox_cc_alg_1_unewighted,metabric,0.8,0.7494791666666666,184.5053020833333
1208,cox_cc_alg_1_unewighted,metabric,0.8,0.6626041666666668,157.08825000000002
1209,cox_cc_alg_1_unewighted,metabric,0.8,0.6932291666666667,168.27577083333335
1210,cox_cc_alg_2_unewighted,metabric,0.8,0.7836458333333333,200.84820826975502
1211,cox_cc_alg_2_unewighted,metabric,0.8,0.8369791666666667,212.118567586263
1212,cox_cc_alg_2_unewighted,metabric,0.8,0.8647916666666666,225.74870121256512
1213,cox_cc_alg_2_unewighted,metabric,0.8,0.853125,190.06623969459534
1214,cox_cc_alg_2_unewighted,metabric,0.8,0.8107291666666666,192.43063008626302
1215,cox_cc_alg_2_unewighted,metabric,0.8,0.7702083333333333,199.69179903157556
1216,cox_cc_alg_2_unewighted,metabric,0.8,0.8763541666666668,231.08527795410154
1217,cox_cc_alg_2_unewighted,metabric,0.8,0.8345833333333333,211.1386394856771
1218,cox_cc_alg_2_unewighted,metabric,0.8,0.8298958333333334,214.65491564941408
1219,cox_cc_alg_2_unewighted,metabric,0.8,0.8054166666666666,188.84243037923179
1220,cox_ph_alg_1_unewighted,support,0.8,0.551,338.0463
1221,cox_ph_alg_1_unewighted,support,0.8,0.5768,358.9720999999999
1222,cox_ph_alg_1_unewighted,support,0.8,0.5171,303.6297999999999
1223,cox_ph_alg_1_unewighted,support,0.8,0.5278,352.8479999999999
1224,cox_ph_alg_1_unewighted,support,0.8,0.6276999999999999,373.65399999999994
1225,cox_ph_alg_1_unewighted,support,0.8,0.5562,387.86799999999994
1226,cox_ph_alg_1_unewighted,support,0.8,0.5371,319.2307999999999
1227,cox_ph_alg_1_unewighted,support,0.8,0.4996,313.85059999999993
1228,cox_ph_alg_1_unewighted,support,0.8,0.5794,361.08769999999987
1229,cox_ph_alg_1_unewighted,support,0.8,0.5439999999999999,345.90479999999997
1230,cox_ph_alg_2_unewighted,support,0.8,0.8131,907.9463000000001
1231,cox_ph_alg_2_unewighted,support,0.8,0.7912,883.8720999999999
1232,cox_ph_alg_2_unewighted,support,0.8,0.8439,1044.5298
1233,cox_ph_alg_2_unewighted,support,0.8,0.7924000000000001,824.7479999999999
1234,cox_ph_alg_2_unewighted,support,0.8,0.7939999999999999,843.5540000000001
1235,cox_ph_alg_2_unewighted,support,0.8,0.8262999999999998,949.7680000000001
1236,cox_ph_alg_2_unewighted,support,0.8,0.8072,1013.1308
1237,cox_ph_alg_2_unewighted,support,0.8,0.7729,899.7506
1238,cox_ph_alg_2_unewighted,support,0.8,0.8053,895.9877000000001
1239,cox_ph_alg_2_unewighted,support,0.8,0.7779999999999998,922.8048
1240,cox_cc_alg_1_unewighted,support,0.8,0.5351,331.72259999999994
1241,cox_cc_alg_1_unewighted,support,0.8,0.5682,351.58589999999987
1242,cox_cc_alg_1_unewighted,support,0.8,0.5091,280.6694999999999
1243,cox_cc_alg_1_unewighted,support,0.8,0.513,338.4183999999999
1244,cox_cc_alg_1_unewighted,support,0.8,0.6209,375.8455
1245,cox_cc_alg_1_unewighted,support,0.8,0.5414999999999999,363.03829999999994
1246,cox_cc_alg_1_unewighted,support,0.8,0.5411,314.2492999999999
1247,cox_cc_alg_1_unewighted,support,0.8,0.49169999999999997,308.9079999999999
1248,cox_cc_alg_1_unewighted,support,0.8,0.5567,344.62659999999994
1249,cox_cc_alg_1_unewighted,support,0.8,0.5462,350.5929000000001
1250,cox_cc_alg_2_unewighted,support,0.8,0.8083999999999999,868.6226000000001
1251,cox_cc_alg_2_unewighted,support,0.8,0.792,880.4859
1252,cox_cc_alg_2_unewighted,support,0.8,0.8437999999999998,1042.5695
1253,cox_cc_alg_2_unewighted,support,0.8,0.7921000000000002,819.3184
1254,cox_cc_alg_2_unewighted,support,0.8,0.8082999999999998,855.7454999999999
1255,cox_cc_alg_2_unewighted,support,0.8,0.8199,951.9383000000001
1256,cox_cc_alg_2_unewighted,support,0.8,0.8130999999999999,1036.1493
1257,cox_cc_alg_2_unewighted,support,0.8,0.7918000000000002,904.8079999999998
1258,cox_cc_alg_2_unewighted,support,0.8,0.8029999999999999,888.5265999999999
1259,cox_cc_alg_2_unewighted,support,0.8,0.7787000000000001,909.4929000000001
1260,cox_ph_alg_1_unewighted,rr_nl_nph,0.9,0.8303000000000001,18.309936544789917
1261,cox_ph_alg_1_unewighted,rr_nl_nph,0.9,0.8517999999999999,18.080996544789915
1262,cox_ph_alg_1_unewighted,rr_nl_nph,0.9,0.8475000000000001,17.601806544789916
1263,cox_ph_alg_1_unewighted,rr_nl_nph,0.9,0.8469,19.154596544789914
1264,cox_ph_alg_1_unewighted,rr_nl_nph,0.9,0.8459,18.096286544789915
1265,cox_ph_alg_1_unewighted,rr_nl_nph,0.9,0.8488,17.922026544789915
1266,cox_ph_alg_1_unewighted,rr_nl_nph,0.9,0.8365,19.444926544789915
1267,cox_ph_alg_1_unewighted,rr_nl_nph,0.9,0.8210999999999999,17.406946544789914
1268,cox_ph_alg_1_unewighted,rr_nl_nph,0.9,0.8704000000000001,19.174066544789916
1269,cox_ph_alg_1_unewighted,rr_nl_nph,0.9,0.82,18.485216544789914
1270,cox_ph_alg_2_unewighted,rr_nl_nph,0.9,0.9061,25.269812434692376
1271,cox_ph_alg_2_unewighted,rr_nl_nph,0.9,0.9104000000000002,23.32148995788574
1272,cox_ph_alg_2_unewighted,rr_nl_nph,0.9,0.9223,24.359991760864254
1273,cox_ph_alg_2_unewighted,rr_nl_nph,0.9,0.9028999999999999,22.62909722106934
1274,cox_ph_alg_2_unewighted,rr_nl_nph,0.9,0.8930000000000001,21.889106923217778
1275,cox_ph_alg_2_unewighted,rr_nl_nph,0.9,0.921,24.33447811828613
1276,cox_ph_alg_2_unewighted,rr_nl_nph,0.9,0.8685,21.500844686279297
1277,cox_ph_alg_2_unewighted,rr_nl_nph,0.9,0.9049,22.13446159484863
1278,cox_ph_alg_2_unewighted,rr_nl_nph,0.9,0.9246000000000001,23.598410055541994
1279,cox_ph_alg_2_unewighted,rr_nl_nph,0.9,0.8618000000000001,21.21745724182129
1280,cox_cc_alg_1_unewighted,rr_nl_nph,0.9,0.8398,18.558676544789915
1281,cox_cc_alg_1_unewighted,rr_nl_nph,0.9,0.8530999999999999,17.915436544789912
1282,cox_cc_alg_1_unewighted,rr_nl_nph,0.9,0.8523999999999999,17.981606544789916
1283,cox_cc_alg_1_unewighted,rr_nl_nph,0.9,0.8614000000000002,19.19698654478991
1284,cox_cc_alg_1_unewighted,rr_nl_nph,0.9,0.8321999999999999,17.766436544789915
1285,cox_cc_alg_1_unewighted,rr_nl_nph,0.9,0.8496000000000001,17.496016544789914
1286,cox_cc_alg_1_unewighted,rr_nl_nph,0.9,0.8614,20.026836544789916
1287,cox_cc_alg_1_unewighted,rr_nl_nph,0.9,0.8234,17.112236544789916
1288,cox_cc_alg_1_unewighted,rr_nl_nph,0.9,0.8744000000000001,19.070646544789916
1289,cox_cc_alg_1_unewighted,rr_nl_nph,0.9,0.8169000000000001,18.308736544789916
1290,cox_cc_alg_2_unewighted,rr_nl_nph,0.9,0.9046999999999998,24.718552434692384
1291,cox_cc_alg_2_unewighted,rr_nl_nph,0.9,0.9210999999999998,23.39899407531739
1292,cox_cc_alg_2_unewighted,rr_nl_nph,0.9,0.9235000000000001,24.789473996582025
1293,cox_cc_alg_2_unewighted,rr_nl_nph,0.9,0.9059000000000001,22.292387565917966
1294,cox_cc_alg_2_unewighted,rr_nl_nph,0.9,0.8962000000000002,21.462351405639648
1295,cox_cc_alg_2_unewighted,rr_nl_nph,0.9,0.9247999999999998,24.023933282470697
1296,cox_cc_alg_2_unewighted,rr_nl_nph,0.9,0.8689000000000001,20.924593522949216
1297,cox_cc_alg_2_unewighted,rr_nl_nph,0.9,0.9012000000000002,21.329848640747073
1298,cox_cc_alg_2_unewighted,rr_nl_nph,0.9,0.9217,23.18711957214355
1299,cox_cc_alg_2_unewighted,rr_nl_nph,0.9,0.8663999999999998,21.268582298583986
1300,cox_ph_alg_1_unewighted,metabric,0.9,0.8762500000000001,236.73665624999998
1301,cox_ph_alg_1_unewighted,metabric,0.9,0.8369791666666667,218.25345833333336
1302,cox_ph_alg_1_unewighted,metabric,0.9,0.8314583333333334,218.93590625000002
1303,cox_ph_alg_1_unewighted,metabric,0.9,0.9169791666666667,221.55084375
1304,cox_ph_alg_1_unewighted,metabric,0.9,0.851875,206.44405208333333
1305,cox_ph_alg_1_unewighted,metabric,0.9,0.8020833333333334,205.7461041666667
1306,cox_ph_alg_1_unewighted,metabric,0.9,0.8328125000000001,215.8212708333334
1307,cox_ph_alg_1_unewighted,metabric,0.9,0.8345833333333333,219.22890625
1308,cox_ph_alg_1_unewighted,metabric,0.9,0.8304166666666667,208.48561458333333
1309,cox_ph_alg_1_unewighted,metabric,0.9,0.8795833333333333,214.44029166666667
1310,cox_ph_alg_2_unewighted,metabric,0.9,0.8862500000000001,243.60332189941406
1311,cox_ph_alg_2_unewighted,metabric,0.9,0.8476041666666667,222.42012093098958
1312,cox_ph_alg_2_unewighted,metabric,0.9,0.8860416666666667,237.6025718994141
1313,cox_ph_alg_2_unewighted,metabric,0.9,0.9269791666666668,224.4175124511719
1314,cox_ph_alg_2_unewighted,metabric,0.9,0.9138541666666667,234.07738948567712
1315,cox_ph_alg_2_unewighted,metabric,0.9,0.9170833333333333,249.51277591959635
1316,cox_ph_alg_2_unewighted,metabric,0.9,0.9204166666666668,240.32127083333333
1317,cox_ph_alg_2_unewighted,metabric,0.9,0.844375,226.99557800292965
1318,cox_ph_alg_2_unewighted,metabric,0.9,0.9465624999999999,252.98561458333333
1319,cox_ph_alg_2_unewighted,metabric,0.9,0.9094791666666667,221.10695121256512
1320,cox_cc_alg_1_unewighted,metabric,0.9,0.8762500000000001,237.6989791666667
1321,cox_cc_alg_1_unewighted,metabric,0.9,0.7753125000000001,190.82416666666668
1322,cox_cc_alg_1_unewighted,metabric,0.9,0.8609375,228.62595833333333
1323,cox_cc_alg_1_unewighted,metabric,0.9,0.9269791666666668,221.36133333333336
1324,cox_cc_alg_1_unewighted,metabric,0.9,0.9138541666666667,227.7774479166667
1325,cox_cc_alg_1_unewighted,metabric,0.9,0.7633333333333333,194.28371875000002
1326,cox_cc_alg_1_unewighted,metabric,0.9,0.8529166666666667,225.99496875
1327,cox_cc_alg_1_unewighted,metabric,0.9,0.8338541666666667,213.762125
1328,cox_cc_alg_1_unewighted,metabric,0.9,0.8077083333333333,197.3928229166667
1329,cox_cc_alg_1_unewighted,metabric,0.9,0.8896875000000001,215.17646875
1330,cox_cc_alg_2_unewighted,metabric,0.9,0.9083333333333333,249.76564481608077
1331,cox_cc_alg_2_unewighted,metabric,0.9,0.7859374999999998,195.79082926432292
1332,cox_cc_alg_2_unewighted,metabric,0.9,0.8860416666666667,242.6926270345052
1333,cox_cc_alg_2_unewighted,metabric,0.9,0.9269791666666668,223.9280020345052
1334,cox_cc_alg_2_unewighted,metabric,0.9,0.9373958333333333,246.8107853190104
1335,cox_cc_alg_2_unewighted,metabric,0.9,0.8956249999999999,238.0503752441406
1336,cox_cc_alg_2_unewighted,metabric,0.9,0.96875,253.79496875000004
1337,cox_cc_alg_2_unewighted,metabric,0.9,0.844375,226.92879675292968
1338,cox_cc_alg_2_unewighted,metabric,0.9,0.9156249999999999,233.55949161783852
1339,cox_cc_alg_2_unewighted,metabric,0.9,0.9094791666666667,223.13375533040366
1340,cox_ph_alg_1_unewighted,support,0.9,0.7333999999999999,696.5824000000005
1341,cox_ph_alg_1_unewighted,support,0.9,0.7025999999999999,621.0834000000001
1342,cox_ph_alg_1_unewighted,support,0.9,0.6413,500.97710000000006
1343,cox_ph_alg_1_unewighted,support,0.9,0.7265999999999999,705.4157000000004
1344,cox_ph_alg_1_unewighted,support,0.9,0.7358000000000001,656.0240000000001
1345,cox_ph_alg_1_unewighted,support,0.9,0.7302000000000001,690.4542000000005
1346,cox_ph_alg_1_unewighted,support,0.9,0.7184,697.9713000000005
1347,cox_ph_alg_1_unewighted,support,0.9,0.6574,552.2026000000001
1348,cox_ph_alg_1_unewighted,support,0.9,0.6999000000000002,665.4452000000002
1349,cox_ph_alg_1_unewighted,support,0.9,0.6936999999999999,690.1055000000001
1350,cox_ph_alg_2_unewighted,support,0.9,0.9198000000000002,1449.4823999999996
1351,cox_ph_alg_2_unewighted,support,0.9,0.8898999999999999,1410.9834000000003
1352,cox_ph_alg_2_unewighted,support,0.9,0.9059000000000001,1522.8771
1353,cox_ph_alg_2_unewighted,support,0.9,0.8987,1423.3157
1354,cox_ph_alg_2_unewighted,support,0.9,0.9013,1380.9240000000002
1355,cox_ph_alg_2_unewighted,support,0.9,0.9294000000000001,1508.3542000000002
1356,cox_ph_alg_2_unewighted,support,0.9,0.8873000000000001,1498.8713000000002
1357,cox_ph_alg_2_unewighted,support,0.9,0.8847999999999999,1447.1026000000004
1358,cox_ph_alg_2_unewighted,support,0.9,0.9112999999999998,1442.3452
1359,cox_ph_alg_2_unewighted,support,0.9,0.8717,1374.0055
1360,cox_cc_alg_1_unewighted,support,0.9,0.7312000000000001,711.9222000000004
1361,cox_cc_alg_1_unewighted,support,0.9,0.6939,624.0618000000001
1362,cox_cc_alg_1_unewighted,support,0.9,0.6186,491.3418999999999
1363,cox_cc_alg_1_unewighted,support,0.9,0.7293999999999998,686.5051000000004
1364,cox_cc_alg_1_unewighted,support,0.9,0.7314999999999999,627.8389000000002
1365,cox_cc_alg_1_unewighted,support,0.9,0.7337,693.7164000000005
1366,cox_cc_alg_1_unewighted,support,0.9,0.7094000000000001,700.1308000000005
1367,cox_cc_alg_1_unewighted,support,0.9,0.6291,536.5769
1368,cox_cc_alg_1_unewighted,support,0.9,0.6850999999999999,618.7483000000001
1369,cox_cc_alg_1_unewighted,support,0.9,0.6947999999999999,670.1649000000002
1370,cox_cc_alg_2_unewighted,support,0.9,0.9114,1432.8222
1371,cox_cc_alg_2_unewighted,support,0.9,0.8967000000000002,1426.9618000000003
1372,cox_cc_alg_2_unewighted,support,0.9,0.912,1574.2418999999998
1373,cox_cc_alg_2_unewighted,support,0.9,0.9011999999999999,1408.4050999999997
1374,cox_cc_alg_2_unewighted,support,0.9,0.8964000000000002,1368.7389000000005
1375,cox_cc_alg_2_unewighted,support,0.9,0.9218,1502.6164000000003
1376,cox_cc_alg_2_unewighted,support,0.9,0.8884000000000002,1527.0307999999998
1377,cox_cc_alg_2_unewighted,support,0.9,0.8836999999999999,1453.4769000000001
1378,cox_cc_alg_2_unewighted,support,0.9,0.9151,1475.6483
1379,cox_cc_alg_2_unewighted,support,0.9,0.8644,1358.0648999999999
1380,cox_ph_alg_1_unewighted,rr_nl_nph,0.95,0.8996,22.729116544789917
1381,cox_ph_alg_1_unewighted,rr_nl_nph,0.95,0.9079999999999999,22.726496544789917
1382,cox_ph_alg_1_unewighted,rr_nl_nph,0.95,0.904,21.399936544789913
1383,cox_ph_alg_1_unewighted,rr_nl_nph,0.95,0.9022,22.870146544789918
1384,cox_ph_alg_1_unewighted,rr_nl_nph,0.95,0.8922,21.907076544789913
1385,cox_ph_alg_1_unewighted,rr_nl_nph,0.95,0.917,23.327176544789914
1386,cox_ph_alg_1_unewighted,rr_nl_nph,0.95,0.8834000000000002,23.153976544789916
1387,cox_ph_alg_1_unewighted,rr_nl_nph,0.95,0.8947999999999999,22.708636544789925
1388,cox_ph_alg_1_unewighted,rr_nl_nph,0.95,0.9176000000000001,22.848416544789913
1389,cox_ph_alg_1_unewighted,rr_nl_nph,0.95,0.877,22.02290654478991
1390,cox_ph_alg_2_unewighted,rr_nl_nph,0.95,0.9699,29.196207171630864
1391,cox_ph_alg_2_unewighted,rr_nl_nph,0.95,0.9741000000000001,29.223481428222648
1392,cox_ph_alg_2_unewighted,rr_nl_nph,0.95,0.9550000000000002,29.29952
1393,cox_ph_alg_2_unewighted,rr_nl_nph,0.95,0.9652,29.31822472045898
1394,cox_ph_alg_2_unewighted,rr_nl_nph,0.95,0.9329999999999999,28.3595351373291
1395,cox_ph_alg_2_unewighted,rr_nl_nph,0.95,0.9682000000000001,29.526760000000003
1396,cox_ph_alg_2_unewighted,rr_nl_nph,0.95,0.9192999999999999,28.034979754028317
1397,cox_ph_alg_2_unewighted,rr_nl_nph,0.95,0.9685000000000001,29.678318495483403
1398,cox_ph_alg_2_unewighted,rr_nl_nph,0.95,0.9591999999999998,29.448
1399,cox_ph_alg_2_unewighted,rr_nl_nph,0.95,0.9109999999999999,26.641643976440427
1400,cox_cc_alg_1_unewighted,rr_nl_nph,0.95,0.8941,22.943736544789918
1401,cox_cc_alg_1_unewighted,rr_nl_nph,0.95,0.9104000000000001,22.945576544789912
1402,cox_cc_alg_1_unewighted,rr_nl_nph,0.95,0.9015000000000002,21.610486544789918
1403,cox_cc_alg_1_unewighted,rr_nl_nph,0.95,0.9071000000000002,22.923166544789915
1404,cox_cc_alg_1_unewighted,rr_nl_nph,0.95,0.8861000000000001,21.467636544789915
1405,cox_cc_alg_1_unewighted,rr_nl_nph,0.95,0.917,23.768076544789913
1406,cox_cc_alg_1_unewighted,rr_nl_nph,0.95,0.885,23.277666544789913
1407,cox_cc_alg_1_unewighted,rr_nl_nph,0.95,0.8989000000000001,21.955386544789913
1408,cox_cc_alg_1_unewighted,rr_nl_nph,0.95,0.9233000000000001,22.311416544789914
1409,cox_cc_alg_1_unewighted,rr_nl_nph,0.95,0.8834000000000001,22.47415654478992
1410,cox_cc_alg_2_unewighted,rr_nl_nph,0.95,0.9703,29.843320000000002
1411,cox_cc_alg_2_unewighted,rr_nl_nph,0.95,0.959,29.645160000000004
1412,cox_cc_alg_2_unewighted,rr_nl_nph,0.95,0.9656999999999998,29.91007
1413,cox_cc_alg_2_unewighted,rr_nl_nph,0.95,0.9529,28.887538055419913
1414,cox_cc_alg_2_unewighted,rr_nl_nph,0.95,0.9329999999999999,28.241956404418946
1415,cox_cc_alg_2_unewighted,rr_nl_nph,0.95,0.9736,30.26766
1416,cox_cc_alg_2_unewighted,rr_nl_nph,0.95,0.9252999999999999,28.78697785949707
1417,cox_cc_alg_2_unewighted,rr_nl_nph,0.95,0.9683999999999999,28.73284055969239
1418,cox_cc_alg_2_unewighted,rr_nl_nph,0.95,0.9550000000000002,28.382089553833012
1419,cox_cc_alg_2_unewighted,rr_nl_nph,0.95,0.9131000000000001,26.489273065795896
1420,cox_ph_alg_1_unewighted,metabric,0.95,0.9408333333333333,260.5173854166667
1421,cox_ph_alg_1_unewighted,metabric,0.95,0.9691666666666666,266.51986458333334
1422,cox_ph_alg_1_unewighted,metabric,0.95,0.8860416666666667,237.4309166666667
1423,cox_ph_alg_1_unewighted,metabric,0.95,0.9589583333333334,258.1479479166667
1424,cox_ph_alg_1_unewighted,metabric,0.95,0.9254166666666667,240.67131250000003
1425,cox_ph_alg_1_unewighted,metabric,0.95,0.9379166666666666,258.21095833333334
1426,cox_ph_alg_1_unewighted,metabric,0.95,0.9592708333333334,254.80632291666666
1427,cox_ph_alg_1_unewighted,metabric,0.95,0.9040624999999999,256.7902083333333
1428,cox_ph_alg_1_unewighted,metabric,0.95,0.9796875000000002,257.03545833333334
1429,cox_ph_alg_1_unewighted,metabric,0.95,0.9688541666666666,255.4394791666667
1430,cox_ph_alg_2_unewighted,metabric,0.95,0.9908333333333333,274.5507106119792
1431,cox_ph_alg_2_unewighted,metabric,0.95,0.913125,252.65319283040364
1432,cox_ph_alg_2_unewighted,metabric,0.95,0.9610416666666667,256.6309166666667
1433,cox_ph_alg_2_unewighted,metabric,0.95,0.9589583333333334,256.8812812658946
1434,cox_ph_alg_2_unewighted,metabric,0.95,0.9582291666666666,254.33797204589845
1435,cox_ph_alg_2_unewighted,metabric,0.95,0.9690625,276.04428963216145
1436,cox_ph_alg_2_unewighted,metabric,0.95,0.9797916666666667,266.4729855143229
1437,cox_ph_alg_2_unewighted,metabric,0.95,0.9040624999999999,257.05687703450513
1438,cox_ph_alg_2_unewighted,metabric,0.95,0.990625,269.5687896321613
1439,cox_ph_alg_2_unewighted,metabric,0.95,0.9319791666666667,247.63947897593184
1440,cox_cc_alg_1_unewighted,metabric,0.95,0.930625,258.5914791666667
1441,cox_cc_alg_1_unewighted,metabric,0.95,0.9509374999999999,266.1486770833333
1442,cox_cc_alg_1_unewighted,metabric,0.95,0.8860416666666667,237.87070833333334
1443,cox_cc_alg_1_unewighted,metabric,0.95,0.9703125,259.78791666666666
1444,cox_cc_alg_1_unewighted,metabric,0.95,0.9254166666666667,240.34380208333334
1445,cox_cc_alg_1_unewighted,metabric,0.95,0.9379166666666666,257.8141145833333
1446,cox_cc_alg_1_unewighted,metabric,0.95,0.9592708333333334,253.10433333333333
1447,cox_cc_alg_1_unewighted,metabric,0.95,0.9040624999999999,257.1756770833333
1448,cox_cc_alg_1_unewighted,metabric,0.95,0.9796875000000002,255.94109375000002
1449,cox_cc_alg_1_unewighted,metabric,0.95,0.9688541666666666,256.68047916666666
1450,cox_cc_alg_2_unewighted,metabric,0.95,0.9908333333333333,274.2248043619791
1451,cox_cc_alg_2_unewighted,metabric,0.95,0.913125,251.88200533040364
1452,cox_cc_alg_2_unewighted,metabric,0.95,0.9610416666666667,258.57070833333336
1453,cox_cc_alg_2_unewighted,metabric,0.95,0.9589583333333334,258.52125001589457
1454,cox_cc_alg_2_unewighted,metabric,0.95,0.9463541666666666,253.1438142903646
1455,cox_cc_alg_2_unewighted,metabric,0.95,0.9690625,275.6474458821615
1456,cox_cc_alg_2_unewighted,metabric,0.95,0.9797916666666667,262.8709959309896
1457,cox_cc_alg_2_unewighted,metabric,0.95,0.9040624999999999,257.94234578450516
1458,cox_cc_alg_2_unewighted,metabric,0.95,0.990625,269.9744250488281
1459,cox_cc_alg_2_unewighted,metabric,0.95,0.9319791666666667,248.88047897593182
1460,cox_ph_alg_1_unewighted,support,0.95,0.8482999999999999,1038.6025000000004
1461,cox_ph_alg_1_unewighted,support,0.95,0.8361000000000002,1011.6914000000004
1462,cox_ph_alg_1_unewighted,support,0.95,0.7891999999999999,906.5027000000005
1463,cox_ph_alg_1_unewighted,support,0.95,0.8286000000000001,1022.7697000000004
1464,cox_ph_alg_1_unewighted,support,0.95,0.8397999999999999,980.0299000000003
1465,cox_ph_alg_1_unewighted,support,0.95,0.8213999999999997,981.1859000000004
1466,cox_ph_alg_1_unewighted,support,0.95,0.7927000000000001,990.8221000000003
1467,cox_ph_alg_1_unewighted,support,0.95,0.7913999999999998,904.1237000000006
1468,cox_ph_alg_1_unewighted,support,0.95,0.8273999999999999,971.5040000000005
1469,cox_ph_alg_1_unewighted,support,0.95,0.8284,1073.3280000000004
1470,cox_ph_alg_2_unewighted,support,0.95,0.9651000000000001,1770.5025000000003
1471,cox_ph_alg_2_unewighted,support,0.95,0.9636999999999999,1788.5914000000002
1472,cox_ph_alg_2_unewighted,support,0.95,0.9372,1752.4026999999999
1473,cox_ph_alg_2_unewighted,support,0.95,0.9242,1618.6696999999997
1474,cox_ph_alg_2_unewighted,support,0.95,0.9319999999999999,1567.9298999999999
1475,cox_ph_alg_2_unewighted,support,0.95,0.9621000000000001,1743.0859000000005
1476,cox_ph_alg_2_unewighted,support,0.95,0.9385999999999997,1777.7221
1477,cox_ph_alg_2_unewighted,support,0.95,0.9231000000000001,1666.0237
1478,cox_ph_alg_2_unewighted,support,0.95,0.9800999999999999,1824.4039999999995
1479,cox_ph_alg_2_unewighted,support,0.95,0.9109000000000002,1618.2279999999998
1480,cox_cc_alg_1_unewighted,support,0.95,0.8432000000000001,1037.9233000000004
1481,cox_cc_alg_1_unewighted,support,0.95,0.8297000000000001,1003.9222000000004
1482,cox_cc_alg_1_unewighted,support,0.95,0.7867999999999999,886.6339000000004
1483,cox_cc_alg_1_unewighted,support,0.95,0.8382,1046.5056000000006
1484,cox_cc_alg_1_unewighted,support,0.95,0.8341,959.0811000000004
1485,cox_cc_alg_1_unewighted,support,0.95,0.8401,1013.1953000000003
1486,cox_cc_alg_1_unewighted,support,0.95,0.7988,991.9001000000004
1487,cox_cc_alg_1_unewighted,support,0.95,0.7941999999999999,912.1122000000005
1488,cox_cc_alg_1_unewighted,support,0.95,0.8349,982.9752000000003
1489,cox_cc_alg_1_unewighted,support,0.95,0.8340000000000002,1114.8755000000006
1490,cox_cc_alg_2_unewighted,support,0.95,0.9649000000000001,1751.8232999999998
1491,cox_cc_alg_2_unewighted,support,0.95,0.9652,1755.8221999999996
1492,cox_cc_alg_2_unewighted,support,0.95,0.9405999999999999,1750.5339
1493,cox_cc_alg_2_unewighted,support,0.95,0.9218999999999999,1611.4056
1494,cox_cc_alg_2_unewighted,support,0.95,0.9344,1612.9811
1495,cox_cc_alg_2_unewighted,support,0.95,0.9639000000000002,1742.0953
1496,cox_cc_alg_2_unewighted,support,0.95,0.9233,1767.8000999999997
1497,cox_cc_alg_2_unewighted,support,0.95,0.9275999999999999,1704.0122000000001
1498,cox_cc_alg_2_unewighted,support,0.95,0.9713,1793.8752000000002
1499,cox_cc_alg_2_unewighted,support,0.95,0.9078999999999999,1563.7755000000002
